Id,Nombre,Apellido,TipoDocumento,Documento,Correo,Telefono,PerfilId,Activo,FechaAlta,UsuarioAltaId
1,José,González,CE,CE5108603,josé.gonzález1@ejemplo.com,+54 9 11 9935 2424,3,False,2026-01-14 13:48:56,
2,María,González,DNI,24672546,maría.gonzález2@ejemplo.com,+54 9 11 4257 9928,2,True,2026-01-09 01:58:01,575.0
3,Mateo,Martínez,DNI,20714555,mateo.martínez3@ejemplo.com,+54 9 11 4527 6514,1,True,2025-05-16 05:14:45,160.0
4,Valentina,Rodríguez,CE,CE6770619,valentina.rodríguez4@ejemplo.com,+54 9 11 8527 9785,1,False,2025-07-03 09:45:00,748.0
5,José,Martínez,CE,CE4226067,josé.martínez5@ejemplo.com,+54 9 11 5741 2307,1,True,2025-05-13 16:33:20,234.0
6,Valentina,Martínez,RUC,782560971,valentina.martínez6@ejemplo.com,+54 9 11 5374 2169,3,True,2025-11-03 13:12:40,215.0
7,Juan,Pérez,RUC,507437181,juan.pérez7@ejemplo.com,+54 9 11 6313 1916,1,True,2025-12-20 21:51:27,225.0
8,Santiago,Díaz,CE,CE2110460,santiago.díaz8@ejemplo.com,+54 9 11 4483 9179,2,False,2026-01-19 23:39:17,323.0
9,Lucía,Martínez,CUIT,23-85345555-9,lucía.martínez9@ejemplo.com,+54 9 11 7543 6930,1,True,2025-12-24 18:58:35,920.0
10,Mateo,Rodríguez,DNI,17358428,mateo.rodríguez10@ejemplo.com,+54 9 11 7916 2040,2,False,2026-02-18 22:25:12,697.0
11,Mateo,Martínez,DNI,17687437,mateo.martínez11@ejemplo.com,+54 9 11 6573 2827,2,False,2025-05-24 00:47:45,788.0
12,Lucía,Fernández,DNI,27675739,lucía.fernández12@ejemplo.com,+54 9 11 5889 9317,3,True,2025-08-25 13:03:04,109.0
13,Lucía,Gómez,CUIT,20-90388981-6,lucía.gómez13@ejemplo.com,+54 9 11 6038 4923,1,True,2025-08-31 18:28:03,372.0
14,José,Rodríguez,RUC,976198296,josé.rodríguez14@ejemplo.com,+54 9 11 8787 3705,2,False,2026-04-03 00:46:54,132.0
15,Juan,López,CE,CE7693979,juan.lópez15@ejemplo.com,+54 9 11 9479 8397,1,True,2025-05-29 22:12:34,922.0
16,Juan,Rodríguez,CE,CE1352896,juan.rodríguez16@ejemplo.com,+54 9 11 1117 2163,3,True,2025-07-11 01:21:25,226.0
17,Juan,Rodríguez,DNI,32174680,juan.rodríguez17@ejemplo.com,+54 9 11 8953 4510,3,True,2026-04-02 02:20:45,686.0
18,Mateo,López,RUC,967043303,mateo.lópez18@ejemplo.com,+54 9 11 8062 6804,2,False,2025-10-12 12:29:56,675.0
19,Mateo,González,DNI,14067647,mateo.gonzález19@ejemplo.com,+54 9 11 2790 5073,1,True,2025-10-13 19:14:11,883.0
20,Mateo,Pérez,RUC,297018781,mateo.pérez20@ejemplo.com,+54 9 11 2235 8260,3,True,2025-12-17 04:20:07,946.0
21,María,González,DNI,25863159,maría.gonzález21@ejemplo.com,+54 9 11 7570 1960,1,False,2026-02-12 05:04:32,219.0
22,María,Díaz,CE,CE8633773,maría.díaz22@ejemplo.com,+54 9 11 8973 3536,1,False,2025-12-13 04:51:16,803.0
23,Juan,González,DNI,31045662,juan.gonzález23@ejemplo.com,+54 9 11 9701 3579,1,True,2026-04-09 16:58:32,515.0
24,Lucía,Rodríguez,DNI,25784266,lucía.rodríguez24@ejemplo.com,+54 9 11 1651 2343,2,False,2025-10-14 14:39:26,253.0
25,Camila,López,CE,CE5004485,camila.lópez25@ejemplo.com,+54 9 11 5915 8491,2,True,2025-12-24 06:27:20,661.0
26,María,Fernández,DNI,14916443,maría.fernández26@ejemplo.com,+54 9 11 6718 2127,1,False,2025-08-06 12:03:46,136.0
27,Camila,Pérez,RUC,995226828,camila.pérez27@ejemplo.com,+54 9 11 9666 1128,3,False,2025-08-02 20:16:23,827.0
28,José,Pérez,CE,CE2936571,josé.pérez28@ejemplo.com,+54 9 11 5616 4450,3,False,2026-03-14 19:00:53,279.0
29,Juan,Martínez,RUC,369639388,juan.martínez29@ejemplo.com,+54 9 11 5533 1722,1,False,2026-04-12 15:55:35,850.0
30,Lucía,Martínez,CUIT,30-84045292-7,lucía.martínez30@ejemplo.com,+54 9 11 3442 9938,1,False,2025-07-25 18:28:58,968.0
31,Lucía,Díaz,CUIT,20-51373735-6,lucía.díaz31@ejemplo.com,+54 9 11 2684 6794,3,False,2026-04-18 07:22:19,256.0
32,Lucía,López,CUIT,23-65337219-1,lucía.lópez32@ejemplo.com,+54 9 11 7745 5065,2,True,2026-02-05 18:36:41,802.0
33,José,Díaz,DNI,41587472,josé.díaz33@ejemplo.com,+54 9 11 6728 6000,1,True,2026-01-15 11:43:04,472.0
34,María,López,RUC,452468587,maría.lópez34@ejemplo.com,+54 9 11 9346 7548,3,False,2025-12-17 15:46:45,360.0
35,María,Rodríguez,CE,CE3995870,maría.rodríguez35@ejemplo.com,+54 9 11 8119 6663,3,False,2025-07-15 10:33:56,611.0
36,Valentina,Rodríguez,RUC,719106699,valentina.rodríguez36@ejemplo.com,+54 9 11 1027 9518,3,True,2026-01-31 10:33:17,447.0
37,Santiago,Díaz,DNI,32159349,santiago.díaz37@ejemplo.com,+54 9 11 5920 9308,2,False,2025-06-23 07:53:08,128.0
38,Santiago,Díaz,CE,CE3135534,santiago.díaz38@ejemplo.com,+54 9 11 3851 5930,2,True,2026-01-30 04:53:38,694.0
39,Camila,Martínez,CUIT,30-87844239-6,camila.martínez39@ejemplo.com,+54 9 11 9375 8752,3,True,2025-09-12 04:07:19,219.0
40,José,Martínez,CE,CE2566777,josé.martínez40@ejemplo.com,+54 9 11 4262 3414,1,True,2026-01-07 21:16:48,826.0
41,Juan,Fernández,DNI,40562461,juan.fernández41@ejemplo.com,+54 9 11 7291 9099,2,True,2025-10-07 21:59:50,736.0
42,Lucía,González,DNI,38531078,lucía.gonzález42@ejemplo.com,+54 9 11 8611 1822,3,True,2026-01-16 12:44:18,531.0
43,José,Fernández,CUIT,30-99600766-9,josé.fernández43@ejemplo.com,+54 9 11 8251 9270,2,False,2025-07-25 23:15:14,913.0
44,Lucía,Fernández,RUC,378304807,lucía.fernández44@ejemplo.com,+54 9 11 9540 8939,3,True,2026-01-01 22:18:13,797.0
45,Camila,Fernández,DNI,29174891,camila.fernández45@ejemplo.com,+54 9 11 9849 2320,1,True,2026-01-08 10:14:42,915.0
46,Juan,Díaz,CUIT,23-18620650-7,juan.díaz46@ejemplo.com,+54 9 11 2020 4388,2,False,2025-10-12 08:01:33,426.0
47,María,Díaz,RUC,106330865,maría.díaz47@ejemplo.com,+54 9 11 7865 9818,3,True,2025-11-09 08:47:38,874.0
48,Mateo,López,CE,CE8312114,mateo.lópez48@ejemplo.com,+54 9 11 7624 3704,2,True,2025-09-02 18:11:41,685.0
49,María,Díaz,DNI,15633618,maría.díaz49@ejemplo.com,+54 9 11 3977 1823,2,False,2025-06-13 05:27:07,473.0
50,Santiago,López,RUC,450948014,santiago.lópez50@ejemplo.com,+54 9 11 7906 5133,1,False,2025-11-17 06:18:14,975.0
51,María,González,CE,CE4761823,maría.gonzález51@ejemplo.com,+54 9 11 1508 5051,1,True,2025-06-10 15:46:21,42.0
52,Lucía,López,CUIT,30-99853245-2,lucía.lópez52@ejemplo.com,+54 9 11 7043 3749,3,True,2025-07-24 12:06:18,263.0
53,Lucía,Martínez,DNI,48834875,lucía.martínez53@ejemplo.com,+54 9 11 7149 7498,3,True,2026-04-25 08:59:19,930.0
54,José,López,DNI,30238871,josé.lópez54@ejemplo.com,+54 9 11 1672 6688,3,False,2025-05-22 22:44:55,816.0
55,Santiago,Rodríguez,CE,CE1212267,santiago.rodríguez55@ejemplo.com,+54 9 11 6934 8532,3,True,2025-10-05 03:29:35,984.0
56,Valentina,Pérez,CE,CE9111742,valentina.pérez56@ejemplo.com,+54 9 11 5397 6280,1,True,2025-09-12 04:43:16,607.0
57,Camila,Fernández,CUIT,30-86483924-7,camila.fernández57@ejemplo.com,+54 9 11 3979 8988,1,False,2025-11-17 18:04:08,333.0
58,Camila,Gómez,CE,CE5635017,camila.gómez58@ejemplo.com,+54 9 11 4954 7658,2,True,2025-07-28 18:02:50,88.0
59,Mateo,Fernández,RUC,951405188,mateo.fernández59@ejemplo.com,+54 9 11 4986 6016,3,False,2026-04-30 16:17:48,415.0
60,Mateo,Gómez,RUC,900942073,mateo.gómez60@ejemplo.com,+54 9 11 5438 6023,2,True,2025-07-31 08:13:18,465.0
61,José,López,CE,CE3005795,josé.lópez61@ejemplo.com,+54 9 11 8933 5530,3,False,2025-08-06 20:24:50,222.0
62,José,López,CE,CE4816534,josé.lópez62@ejemplo.com,+54 9 11 9751 3073,2,True,2025-11-05 13:17:02,726.0
63,María,Martínez,CUIT,30-23769080-1,maría.martínez63@ejemplo.com,+54 9 11 6582 4020,1,False,2025-07-19 09:05:32,452.0
64,Mateo,Rodríguez,DNI,36891021,mateo.rodríguez64@ejemplo.com,+54 9 11 1878 3485,1,False,2025-08-30 15:59:22,703.0
65,José,López,DNI,47451647,josé.lópez65@ejemplo.com,+54 9 11 4697 9561,2,False,2025-10-06 22:57:12,634.0
66,Mateo,Martínez,RUC,427899537,mateo.martínez66@ejemplo.com,+54 9 11 2625 4404,3,True,2025-07-20 23:32:23,984.0
67,Camila,Rodríguez,CUIT,23-33328859-9,camila.rodríguez67@ejemplo.com,+54 9 11 8699 5771,1,True,2026-03-31 13:35:36,462.0
68,Camila,Martínez,RUC,176428684,camila.martínez68@ejemplo.com,+54 9 11 4241 7965,1,True,2025-05-22 10:36:46,807.0
69,Lucía,Martínez,CUIT,20-18004482-3,lucía.martínez69@ejemplo.com,+54 9 11 5728 8195,1,False,2025-12-01 22:48:10,583.0
70,Camila,Díaz,CE,CE9396529,camila.díaz70@ejemplo.com,+54 9 11 1653 8078,3,False,2025-08-05 03:07:57,613.0
71,Camila,González,DNI,25362857,camila.gonzález71@ejemplo.com,+54 9 11 5415 1659,1,False,2025-05-27 23:59:01,784.0
72,Mateo,Martínez,CUIT,30-95199362-8,mateo.martínez72@ejemplo.com,+54 9 11 6260 2713,1,False,2026-03-23 03:13:36,342.0
73,Valentina,Fernández,CE,CE7718473,valentina.fernández73@ejemplo.com,+54 9 11 5135 6296,1,False,2025-07-31 17:06:57,323.0
74,María,Fernández,RUC,158201193,maría.fernández74@ejemplo.com,+54 9 11 9167 8242,1,True,2026-02-01 02:12:23,775.0
75,Camila,Pérez,CE,CE8350368,camila.pérez75@ejemplo.com,+54 9 11 4920 3594,2,True,2025-05-16 03:29:01,997.0
76,Valentina,Rodríguez,CUIT,20-71934487-2,valentina.rodríguez76@ejemplo.com,+54 9 11 5781 9337,3,False,2025-06-11 14:04:03,734.0
77,Valentina,Fernández,RUC,361704064,valentina.fernández77@ejemplo.com,+54 9 11 9327 3236,1,False,2025-09-17 01:26:38,196.0
78,Valentina,Gómez,CE,CE1043037,valentina.gómez78@ejemplo.com,+54 9 11 9022 3434,2,False,2025-12-14 19:16:09,602.0
79,Santiago,Gómez,RUC,588922557,santiago.gómez79@ejemplo.com,+54 9 11 7274 4826,2,True,2025-11-25 11:51:47,586.0
80,Santiago,Fernández,RUC,514548900,santiago.fernández80@ejemplo.com,+54 9 11 1606 3068,3,False,2025-06-02 22:26:31,988.0
81,José,Fernández,DNI,45295979,josé.fernández81@ejemplo.com,+54 9 11 3529 2225,2,False,2025-09-17 17:49:53,420.0
82,Santiago,Díaz,DNI,32049663,santiago.díaz82@ejemplo.com,+54 9 11 8994 9864,1,True,2025-05-28 01:11:42,642.0
83,Juan,Martínez,CUIT,20-68246664-2,juan.martínez83@ejemplo.com,+54 9 11 3725 5906,1,True,2025-06-17 19:40:56,455.0
84,Santiago,González,CE,CE7014016,santiago.gonzález84@ejemplo.com,+54 9 11 7751 3950,1,True,2025-10-29 05:26:47,544.0
85,José,Díaz,CUIT,30-88270025-3,josé.díaz85@ejemplo.com,+54 9 11 5183 1153,2,False,2026-01-10 03:55:46,471.0
86,Lucía,Rodríguez,RUC,471048258,lucía.rodríguez86@ejemplo.com,+54 9 11 5097 8484,2,True,2025-07-12 08:55:35,707.0
87,Valentina,Fernández,DNI,25918605,valentina.fernández87@ejemplo.com,+54 9 11 5837 1359,3,False,2025-10-25 00:13:26,303.0
88,Camila,González,DNI,43334803,camila.gonzález88@ejemplo.com,+54 9 11 4588 4115,3,False,2025-12-13 10:57:11,361.0
89,Lucía,Rodríguez,DNI,30732134,lucía.rodríguez89@ejemplo.com,+54 9 11 3153 2476,2,False,2025-09-25 16:58:39,750.0
90,Valentina,Pérez,CUIT,23-82398083-6,valentina.pérez90@ejemplo.com,+54 9 11 3695 5210,2,False,2025-08-10 01:37:45,851.0
91,Santiago,Rodríguez,RUC,180852074,santiago.rodríguez91@ejemplo.com,+54 9 11 7511 6992,1,False,2026-02-25 10:40:19,742.0
92,María,Martínez,DNI,40520173,maría.martínez92@ejemplo.com,+54 9 11 7242 7086,1,True,2025-10-31 20:48:19,269.0
93,Mateo,González,CE,CE4713925,mateo.gonzález93@ejemplo.com,+54 9 11 5951 7689,1,True,2025-06-11 15:55:10,476.0
94,María,González,CE,CE9264869,maría.gonzález94@ejemplo.com,+54 9 11 3222 7367,2,False,2026-03-10 15:20:06,551.0
95,Valentina,Pérez,RUC,803217037,valentina.pérez95@ejemplo.com,+54 9 11 5583 1536,3,False,2026-03-19 02:56:36,962.0
96,Juan,Fernández,RUC,353524015,juan.fernández96@ejemplo.com,+54 9 11 6876 1992,2,False,2025-11-04 14:52:39,558.0
97,Juan,Rodríguez,RUC,198433586,juan.rodríguez97@ejemplo.com,+54 9 11 1349 1828,2,True,2025-06-03 11:54:22,612.0
98,Lucía,López,DNI,47192255,lucía.lópez98@ejemplo.com,+54 9 11 4817 6383,1,True,2026-01-22 00:22:10,891.0
99,Camila,Pérez,CUIT,27-33420607-2,camila.pérez99@ejemplo.com,+54 9 11 4898 6304,1,True,2025-06-04 18:28:02,367.0
100,Camila,González,CUIT,30-80610004-2,camila.gonzález100@ejemplo.com,+54 9 11 9408 2786,2,True,2026-04-06 03:07:13,371.0
101,María,Martínez,RUC,790781796,maría.martínez101@ejemplo.com,+54 9 11 7984 2768,2,False,2026-04-23 17:05:08,412.0
102,José,Rodríguez,CE,CE3488628,josé.rodríguez102@ejemplo.com,+54 9 11 9984 6327,2,False,2026-04-05 14:18:23,649.0
103,Mateo,Díaz,DNI,17678198,mateo.díaz103@ejemplo.com,+54 9 11 4522 8046,2,True,2025-06-06 21:39:13,565.0
104,Valentina,Gómez,RUC,528133274,valentina.gómez104@ejemplo.com,+54 9 11 6120 5176,2,True,2025-10-07 19:29:42,438.0
105,Mateo,Rodríguez,DNI,15728705,mateo.rodríguez105@ejemplo.com,+54 9 11 7105 3131,3,True,2026-03-22 05:29:15,757.0
106,Santiago,Rodríguez,RUC,479673044,santiago.rodríguez106@ejemplo.com,+54 9 11 1842 5712,3,False,2025-06-02 04:40:04,739.0
107,Santiago,Rodríguez,CUIT,23-98145654-8,santiago.rodríguez107@ejemplo.com,+54 9 11 7022 2882,2,True,2026-01-14 15:13:08,570.0
108,Valentina,González,CE,CE1485753,valentina.gonzález108@ejemplo.com,+54 9 11 6567 6751,1,True,2026-02-05 09:51:14,317.0
109,Lucía,Díaz,DNI,19521046,lucía.díaz109@ejemplo.com,+54 9 11 4524 7163,2,False,2025-06-18 18:30:15,544.0
110,Santiago,Pérez,CE,CE6228407,santiago.pérez110@ejemplo.com,+54 9 11 1861 3549,1,True,2025-11-22 23:57:57,905.0
111,José,Martínez,RUC,810751262,josé.martínez111@ejemplo.com,+54 9 11 5475 4531,3,True,2025-10-03 02:57:34,425.0
112,Santiago,Díaz,DNI,29008348,santiago.díaz112@ejemplo.com,+54 9 11 6053 1744,1,False,2025-05-25 20:58:31,540.0
113,María,González,CUIT,27-38351344-3,maría.gonzález113@ejemplo.com,+54 9 11 9149 8055,1,True,2025-12-29 09:15:55,8.0
114,Valentina,López,CE,CE2209226,valentina.lópez114@ejemplo.com,+54 9 11 8532 2275,2,False,2025-10-16 19:33:35,20.0
115,Valentina,Díaz,CE,CE2932288,valentina.díaz115@ejemplo.com,+54 9 11 8538 6928,1,False,2025-10-13 18:15:52,821.0
116,José,López,RUC,732295732,josé.lópez116@ejemplo.com,+54 9 11 6083 6562,1,False,2025-10-15 02:30:37,892.0
117,Lucía,Rodríguez,DNI,45608286,lucía.rodríguez117@ejemplo.com,+54 9 11 6752 3419,1,True,2025-08-20 11:38:13,358.0
118,Lucía,Martínez,CUIT,23-90852623-3,lucía.martínez118@ejemplo.com,+54 9 11 9095 8601,3,False,2025-06-07 16:24:13,644.0
119,Santiago,Gómez,CUIT,30-19165226-8,santiago.gómez119@ejemplo.com,+54 9 11 1920 6766,3,True,2025-09-23 22:16:12,282.0
120,Camila,Fernández,RUC,140380477,camila.fernández120@ejemplo.com,+54 9 11 2479 9307,2,False,2026-04-09 06:42:44,79.0
121,María,Fernández,CUIT,27-91202508-8,maría.fernández121@ejemplo.com,+54 9 11 6626 2381,3,True,2025-08-25 14:32:34,106.0
122,María,López,RUC,571825556,maría.lópez122@ejemplo.com,+54 9 11 7108 5634,2,False,2025-08-13 01:56:52,373.0
123,Santiago,González,CE,CE2105817,santiago.gonzález123@ejemplo.com,+54 9 11 5655 5128,3,True,2025-11-21 15:00:19,396.0
124,Santiago,Rodríguez,CUIT,27-51638598-7,santiago.rodríguez124@ejemplo.com,+54 9 11 7171 6381,1,True,2026-03-02 22:50:57,318.0
125,Valentina,Gómez,DNI,34333517,valentina.gómez125@ejemplo.com,+54 9 11 8967 4145,1,True,2025-12-01 13:22:41,971.0
126,Lucía,Rodríguez,CE,CE2696860,lucía.rodríguez126@ejemplo.com,+54 9 11 9626 1618,3,False,2025-08-22 00:42:15,905.0
127,Lucía,Díaz,CUIT,23-34272734-3,lucía.díaz127@ejemplo.com,+54 9 11 4891 8277,3,False,2025-09-26 17:09:39,693.0
128,Mateo,López,CUIT,27-72950208-4,mateo.lópez128@ejemplo.com,+54 9 11 5616 7256,3,False,2025-10-31 20:59:34,473.0
129,Lucía,López,CUIT,27-17003454-8,lucía.lópez129@ejemplo.com,+54 9 11 9452 3042,2,True,2025-10-30 00:36:56,729.0
130,Lucía,Martínez,RUC,651208305,lucía.martínez130@ejemplo.com,+54 9 11 8391 6727,1,False,2026-02-22 05:30:04,228.0
131,María,Díaz,CE,CE4955699,maría.díaz131@ejemplo.com,+54 9 11 6221 2623,3,False,2025-10-23 16:12:48,29.0
132,Lucía,Pérez,DNI,29252150,lucía.pérez132@ejemplo.com,+54 9 11 8685 8349,3,True,2025-09-08 19:42:54,778.0
133,José,González,CE,CE4618086,josé.gonzález133@ejemplo.com,+54 9 11 7934 2821,2,True,2026-02-21 00:49:24,541.0
134,Camila,Rodríguez,DNI,26001404,camila.rodríguez134@ejemplo.com,+54 9 11 2029 2816,2,True,2025-10-05 21:45:23,469.0
135,Juan,Pérez,CE,CE8201433,juan.pérez135@ejemplo.com,+54 9 11 7825 4068,3,True,2026-05-07 23:13:47,585.0
136,Santiago,Rodríguez,DNI,36202906,santiago.rodríguez136@ejemplo.com,+54 9 11 5155 1266,2,True,2025-09-10 16:55:38,383.0
137,Santiago,López,DNI,49050870,santiago.lópez137@ejemplo.com,+54 9 11 6546 3868,3,False,2025-11-19 14:33:40,560.0
138,Mateo,Pérez,CUIT,20-71428713-1,mateo.pérez138@ejemplo.com,+54 9 11 1686 6170,2,False,2025-12-09 12:33:12,205.0
139,Mateo,Martínez,DNI,22824734,mateo.martínez139@ejemplo.com,+54 9 11 6438 5476,1,False,2025-12-13 06:40:13,49.0
140,Valentina,Díaz,RUC,515156661,valentina.díaz140@ejemplo.com,+54 9 11 7018 9507,2,True,2025-11-16 13:04:18,510.0
141,Valentina,Rodríguez,RUC,746879296,valentina.rodríguez141@ejemplo.com,+54 9 11 2311 6372,3,False,2026-02-05 01:17:42,106.0
142,Camila,Fernández,RUC,278933456,camila.fernández142@ejemplo.com,+54 9 11 6776 8126,2,True,2025-05-20 04:13:34,44.0
143,José,Díaz,CE,CE9608154,josé.díaz143@ejemplo.com,+54 9 11 8179 1570,1,True,2025-05-26 13:34:53,870.0
144,Juan,Gómez,CE,CE7423230,juan.gómez144@ejemplo.com,+54 9 11 8371 7077,2,False,2025-07-22 16:57:53,696.0
145,José,Pérez,CE,CE7677903,josé.pérez145@ejemplo.com,+54 9 11 2858 1424,3,True,2025-11-28 22:18:47,984.0
146,Mateo,Díaz,DNI,27567535,mateo.díaz146@ejemplo.com,+54 9 11 5678 9047,1,True,2025-12-25 20:07:49,627.0
147,Lucía,Rodríguez,RUC,285388355,lucía.rodríguez147@ejemplo.com,+54 9 11 6236 6692,3,True,2025-05-08 04:30:11,699.0
148,Camila,Martínez,CUIT,23-58518659-9,camila.martínez148@ejemplo.com,+54 9 11 4878 9094,1,False,2026-01-14 15:23:12,143.0
149,Santiago,Fernández,CUIT,20-18824561-5,santiago.fernández149@ejemplo.com,+54 9 11 7730 7708,3,True,2025-10-16 19:49:32,539.0
150,Lucía,Gómez,DNI,40197277,lucía.gómez150@ejemplo.com,+54 9 11 3981 3114,2,True,2025-09-11 21:02:40,132.0
151,José,Pérez,CE,CE3762487,josé.pérez151@ejemplo.com,+54 9 11 6669 9501,2,True,2026-02-15 07:36:17,231.0
152,Camila,López,CE,CE3100009,camila.lópez152@ejemplo.com,+54 9 11 9234 3762,3,True,2025-06-22 08:56:28,96.0
153,Lucía,Gómez,DNI,11904112,lucía.gómez153@ejemplo.com,+54 9 11 5336 4453,3,False,2026-03-28 16:54:13,591.0
154,María,Fernández,CE,CE6068298,maría.fernández154@ejemplo.com,+54 9 11 7653 5873,2,True,2025-09-03 10:44:11,702.0
155,María,Pérez,RUC,546270451,maría.pérez155@ejemplo.com,+54 9 11 3353 6121,3,False,2025-09-03 04:22:41,622.0
156,Santiago,Díaz,CUIT,27-79119463-9,santiago.díaz156@ejemplo.com,+54 9 11 5382 8366,1,True,2026-03-15 08:20:33,126.0
157,José,González,CE,CE7444964,josé.gonzález157@ejemplo.com,+54 9 11 3616 6364,3,False,2025-06-27 05:20:07,924.0
158,Juan,Pérez,RUC,652681586,juan.pérez158@ejemplo.com,+54 9 11 1379 2475,2,False,2025-09-11 02:39:43,510.0
159,Juan,López,CE,CE1816348,juan.lópez159@ejemplo.com,+54 9 11 8710 5681,3,True,2026-04-13 09:04:24,904.0
160,José,Díaz,CUIT,27-59093843-7,josé.díaz160@ejemplo.com,+54 9 11 4189 6939,3,False,2025-11-02 17:10:59,584.0
161,José,Díaz,RUC,920772671,josé.díaz161@ejemplo.com,+54 9 11 2946 3108,1,False,2025-07-31 09:43:23,697.0
162,Santiago,Gómez,CE,CE3420404,santiago.gómez162@ejemplo.com,+54 9 11 1659 1742,1,True,2026-01-26 23:03:37,513.0
163,Santiago,Fernández,RUC,259923818,santiago.fernández163@ejemplo.com,+54 9 11 6218 3662,2,False,2025-07-02 02:27:42,954.0
164,Santiago,Fernández,CE,CE8967375,santiago.fernández164@ejemplo.com,+54 9 11 7824 6040,3,True,2026-04-30 07:14:19,113.0
165,Mateo,Martínez,CUIT,20-88319168-8,mateo.martínez165@ejemplo.com,+54 9 11 7229 3421,3,True,2026-02-10 01:55:16,635.0
166,María,Rodríguez,CUIT,20-69195194-6,maría.rodríguez166@ejemplo.com,+54 9 11 7723 9221,3,False,2025-10-06 14:09:18,209.0
167,María,Pérez,CUIT,27-98882576-8,maría.pérez167@ejemplo.com,+54 9 11 9734 6608,3,False,2025-08-12 06:15:51,471.0
168,Camila,Fernández,CUIT,23-47447604-9,camila.fernández168@ejemplo.com,+54 9 11 4396 9011,2,False,2025-12-07 11:16:13,296.0
169,Santiago,Martínez,CE,CE3044708,santiago.martínez169@ejemplo.com,+54 9 11 7464 6654,1,False,2025-07-18 21:01:38,918.0
170,María,Martínez,DNI,33244061,maría.martínez170@ejemplo.com,+54 9 11 4505 4310,3,False,2025-09-23 22:19:15,491.0
171,Camila,Pérez,DNI,49381528,camila.pérez171@ejemplo.com,+54 9 11 9700 4697,3,True,2026-01-06 11:32:20,927.0
172,María,Rodríguez,RUC,454650074,maría.rodríguez172@ejemplo.com,+54 9 11 1084 3587,2,False,2025-09-09 14:52:13,141.0
173,Mateo,López,CE,CE6388299,mateo.lópez173@ejemplo.com,+54 9 11 2465 4804,3,True,2025-12-12 22:32:04,788.0
174,Lucía,Díaz,CUIT,20-63283709-8,lucía.díaz174@ejemplo.com,+54 9 11 1613 1151,2,True,2026-02-01 18:40:03,297.0
175,Santiago,Martínez,RUC,788603957,santiago.martínez175@ejemplo.com,+54 9 11 3198 9261,2,False,2025-08-03 02:04:06,962.0
176,Juan,Rodríguez,CE,CE3726201,juan.rodríguez176@ejemplo.com,+54 9 11 1230 6523,2,True,2025-09-15 22:19:17,191.0
177,Lucía,Díaz,RUC,653278397,lucía.díaz177@ejemplo.com,+54 9 11 4027 3303,2,False,2025-11-22 16:10:20,98.0
178,Juan,González,CE,CE7435310,juan.gonzález178@ejemplo.com,+54 9 11 6400 5947,3,True,2026-01-08 03:47:45,977.0
179,Camila,Gómez,CUIT,20-99628735-2,camila.gómez179@ejemplo.com,+54 9 11 9233 6095,3,True,2025-09-12 09:25:37,703.0
180,Camila,Gómez,CUIT,23-27927298-8,camila.gómez180@ejemplo.com,+54 9 11 7813 9998,2,True,2026-02-19 03:48:24,383.0
181,Juan,Rodríguez,RUC,667121569,juan.rodríguez181@ejemplo.com,+54 9 11 2838 2011,3,True,2025-05-13 07:31:04,578.0
182,Lucía,Pérez,CE,CE9729882,lucía.pérez182@ejemplo.com,+54 9 11 9008 2489,3,False,2025-09-24 14:52:49,735.0
183,María,Fernández,CUIT,30-71310453-1,maría.fernández183@ejemplo.com,+54 9 11 1356 7487,2,True,2025-07-26 03:52:11,316.0
184,Juan,Rodríguez,DNI,38433850,juan.rodríguez184@ejemplo.com,+54 9 11 2130 8734,1,False,2025-11-12 20:31:28,62.0
185,Valentina,Pérez,CUIT,30-60259293-7,valentina.pérez185@ejemplo.com,+54 9 11 9835 3178,3,False,2025-09-21 06:11:57,700.0
186,José,Pérez,RUC,667840357,josé.pérez186@ejemplo.com,+54 9 11 1372 5888,2,False,2026-03-03 19:21:09,4.0
187,Valentina,López,CUIT,30-56460773-3,valentina.lópez187@ejemplo.com,+54 9 11 2848 1527,3,False,2025-12-18 11:36:06,743.0
188,María,López,CUIT,20-23542127-1,maría.lópez188@ejemplo.com,+54 9 11 1797 5009,3,True,2025-09-21 22:52:17,894.0
189,Valentina,Fernández,CUIT,23-17575790-3,valentina.fernández189@ejemplo.com,+54 9 11 6224 6253,1,False,2025-08-24 09:21:10,939.0
190,Lucía,López,RUC,422660441,lucía.lópez190@ejemplo.com,+54 9 11 3869 7999,3,False,2025-12-19 17:00:25,901.0
191,María,Gómez,RUC,943751263,maría.gómez191@ejemplo.com,+54 9 11 3444 5913,2,True,2025-08-13 07:51:36,419.0
192,Mateo,López,CUIT,27-29374563-8,mateo.lópez192@ejemplo.com,+54 9 11 9683 3196,2,True,2026-04-09 01:09:36,571.0
193,Camila,López,CE,CE2326581,camila.lópez193@ejemplo.com,+54 9 11 4120 1844,2,False,2025-09-20 07:30:28,742.0
194,María,Rodríguez,CUIT,23-74343201-4,maría.rodríguez194@ejemplo.com,+54 9 11 4113 2922,3,False,2025-11-19 08:38:02,217.0
195,Juan,López,RUC,356979659,juan.lópez195@ejemplo.com,+54 9 11 8639 9743,3,False,2025-07-30 07:46:44,390.0
196,Camila,Martínez,CE,CE9603633,camila.martínez196@ejemplo.com,+54 9 11 8692 6246,1,False,2025-08-27 04:29:11,740.0
197,Santiago,Díaz,DNI,47750395,santiago.díaz197@ejemplo.com,+54 9 11 7841 5836,1,True,2026-01-14 19:27:01,268.0
198,Santiago,López,RUC,711806831,santiago.lópez198@ejemplo.com,+54 9 11 6530 5216,2,False,2026-01-03 03:00:21,967.0
199,Mateo,Pérez,CE,CE3839807,mateo.pérez199@ejemplo.com,+54 9 11 9882 1962,3,True,2026-02-25 19:01:31,189.0
200,José,González,DNI,37675173,josé.gonzález200@ejemplo.com,+54 9 11 3474 1149,1,False,2026-02-26 22:21:58,725.0
201,Santiago,González,RUC,807901168,santiago.gonzález201@ejemplo.com,+54 9 11 7739 1194,1,False,2025-09-01 18:35:28,565.0
202,Camila,González,RUC,965615974,camila.gonzález202@ejemplo.com,+54 9 11 3439 4948,1,False,2026-02-06 14:37:56,537.0
203,Santiago,Martínez,RUC,184846271,santiago.martínez203@ejemplo.com,+54 9 11 4700 5914,3,True,2025-10-29 06:06:26,250.0
204,María,Rodríguez,RUC,507231644,maría.rodríguez204@ejemplo.com,+54 9 11 1154 3807,1,False,2025-10-27 01:05:59,653.0
205,Valentina,Gómez,DNI,45444162,valentina.gómez205@ejemplo.com,+54 9 11 8790 5441,1,True,2026-04-17 11:22:05,889.0
206,Camila,González,CUIT,27-12101593-4,camila.gonzález206@ejemplo.com,+54 9 11 7525 2260,2,True,2025-07-12 13:47:10,730.0
207,Juan,Díaz,CE,CE7439870,juan.díaz207@ejemplo.com,+54 9 11 6666 1879,1,False,2026-02-25 19:49:57,513.0
208,Juan,Rodríguez,CE,CE7655572,juan.rodríguez208@ejemplo.com,+54 9 11 8381 9038,1,False,2025-11-22 17:55:45,803.0
209,Valentina,Díaz,CUIT,30-21501669-5,valentina.díaz209@ejemplo.com,+54 9 11 3526 7225,3,True,2026-01-01 20:31:57,275.0
210,Valentina,Gómez,CE,CE2787627,valentina.gómez210@ejemplo.com,+54 9 11 5419 2674,1,True,2026-03-23 18:16:34,369.0
211,Lucía,Díaz,RUC,698058121,lucía.díaz211@ejemplo.com,+54 9 11 2468 6798,3,True,2025-07-28 02:09:56,27.0
212,Santiago,Díaz,DNI,29585544,santiago.díaz212@ejemplo.com,+54 9 11 4977 9537,1,False,2025-10-09 05:46:57,743.0
213,Lucía,Pérez,CE,CE6052144,lucía.pérez213@ejemplo.com,+54 9 11 8121 5521,2,False,2025-12-22 03:26:58,172.0
214,Mateo,Rodríguez,CE,CE5222820,mateo.rodríguez214@ejemplo.com,+54 9 11 4203 8501,1,True,2026-01-01 18:55:31,609.0
215,Camila,González,RUC,456715514,camila.gonzález215@ejemplo.com,+54 9 11 8212 6484,2,True,2025-06-25 05:44:07,338.0
216,Camila,Gómez,CUIT,30-52168966-3,camila.gómez216@ejemplo.com,+54 9 11 9044 4971,2,False,2025-10-17 08:17:15,712.0
217,Camila,Díaz,CE,CE2910720,camila.díaz217@ejemplo.com,+54 9 11 1440 8563,3,True,2025-07-24 11:58:28,185.0
218,Mateo,Martínez,DNI,37457027,mateo.martínez218@ejemplo.com,+54 9 11 4965 5139,3,True,2025-05-29 03:27:22,311.0
219,Valentina,Díaz,DNI,40136357,valentina.díaz219@ejemplo.com,+54 9 11 9300 7853,3,True,2025-07-06 02:58:37,548.0
220,Santiago,Rodríguez,DNI,26658498,santiago.rodríguez220@ejemplo.com,+54 9 11 1725 7547,2,False,2025-06-05 21:13:52,663.0
221,José,González,DNI,27363638,josé.gonzález221@ejemplo.com,+54 9 11 4621 8303,2,False,2026-01-15 01:48:29,572.0
222,Mateo,Pérez,CE,CE1412092,mateo.pérez222@ejemplo.com,+54 9 11 2406 2901,3,True,2025-09-03 15:17:36,943.0
223,Santiago,Martínez,CE,CE8639213,santiago.martínez223@ejemplo.com,+54 9 11 2599 8178,3,False,2026-01-23 02:05:40,488.0
224,Santiago,Rodríguez,CE,CE1749657,santiago.rodríguez224@ejemplo.com,+54 9 11 2791 3692,3,True,2025-05-10 15:34:08,352.0
225,Lucía,Pérez,CE,CE8153291,lucía.pérez225@ejemplo.com,+54 9 11 4022 4053,3,False,2025-09-14 10:44:37,645.0
226,Valentina,González,CUIT,30-89484162-7,valentina.gonzález226@ejemplo.com,+54 9 11 5560 2025,3,True,2025-10-21 17:50:49,211.0
227,Lucía,Gómez,CE,CE4306357,lucía.gómez227@ejemplo.com,+54 9 11 9019 9646,3,False,2025-09-16 15:19:20,884.0
228,Valentina,Díaz,DNI,33348827,valentina.díaz228@ejemplo.com,+54 9 11 5873 2388,3,True,2025-11-09 03:56:51,834.0
229,Santiago,Rodríguez,CUIT,27-25696616-3,santiago.rodríguez229@ejemplo.com,+54 9 11 7852 3258,3,False,2025-10-28 20:26:30,398.0
230,Valentina,Pérez,RUC,782364690,valentina.pérez230@ejemplo.com,+54 9 11 3838 3733,2,False,2025-08-05 19:37:21,954.0
231,Lucía,Pérez,CE,CE8566540,lucía.pérez231@ejemplo.com,+54 9 11 1157 8939,1,True,2025-06-25 16:40:40,975.0
232,Valentina,Fernández,RUC,835187452,valentina.fernández232@ejemplo.com,+54 9 11 9006 3740,1,True,2025-08-30 04:50:09,455.0
233,Juan,Martínez,DNI,28445067,juan.martínez233@ejemplo.com,+54 9 11 8492 9115,3,True,2026-01-13 01:17:52,800.0
234,José,Martínez,CE,CE1698108,josé.martínez234@ejemplo.com,+54 9 11 5055 5877,1,False,2025-09-25 01:22:35,105.0
235,Camila,Gómez,DNI,39465482,camila.gómez235@ejemplo.com,+54 9 11 6744 8015,1,True,2026-03-09 11:22:11,756.0
236,Juan,López,DNI,48257041,juan.lópez236@ejemplo.com,+54 9 11 3758 6302,3,False,2025-11-10 01:18:24,552.0
237,Camila,Martínez,DNI,19099217,camila.martínez237@ejemplo.com,+54 9 11 3078 3174,1,True,2025-10-10 17:18:07,672.0
238,Santiago,López,RUC,625552311,santiago.lópez238@ejemplo.com,+54 9 11 7786 7146,2,True,2026-02-24 23:55:45,643.0
239,José,Díaz,CE,CE7191986,josé.díaz239@ejemplo.com,+54 9 11 2526 8511,3,False,2025-09-18 03:15:25,3.0
240,José,Díaz,CUIT,30-38434222-8,josé.díaz240@ejemplo.com,+54 9 11 9967 3139,3,False,2025-12-22 07:42:44,346.0
241,Santiago,González,DNI,16682347,santiago.gonzález241@ejemplo.com,+54 9 11 3588 8230,2,True,2025-06-22 04:34:55,952.0
242,Valentina,López,CUIT,27-31337593-5,valentina.lópez242@ejemplo.com,+54 9 11 7092 3711,1,False,2026-03-21 22:12:46,85.0
243,Camila,López,RUC,803821904,camila.lópez243@ejemplo.com,+54 9 11 8812 2276,1,True,2026-03-22 20:30:02,219.0
244,Mateo,González,DNI,33056870,mateo.gonzález244@ejemplo.com,+54 9 11 2160 4751,2,True,2026-03-08 04:51:54,490.0
245,José,Rodríguez,CE,CE7166661,josé.rodríguez245@ejemplo.com,+54 9 11 3181 3340,1,True,2025-12-06 14:11:13,833.0
246,Lucía,Fernández,CE,CE4574477,lucía.fernández246@ejemplo.com,+54 9 11 8248 4559,1,True,2025-06-20 19:26:04,422.0
247,Lucía,Rodríguez,RUC,477458516,lucía.rodríguez247@ejemplo.com,+54 9 11 5537 2380,1,False,2025-10-01 07:45:54,254.0
248,María,Martínez,CUIT,23-62579931-5,maría.martínez248@ejemplo.com,+54 9 11 4921 9108,2,True,2025-06-12 16:45:05,813.0
249,Juan,Fernández,DNI,45452706,juan.fernández249@ejemplo.com,+54 9 11 7337 7895,2,True,2026-05-02 06:36:42,136.0
250,Mateo,Rodríguez,DNI,49417297,mateo.rodríguez250@ejemplo.com,+54 9 11 1990 7520,3,False,2026-04-04 18:19:49,41.0
251,Valentina,Díaz,RUC,188506190,valentina.díaz251@ejemplo.com,+54 9 11 5546 2369,2,True,2025-06-15 01:01:23,157.0
252,Juan,Pérez,CE,CE7555386,juan.pérez252@ejemplo.com,+54 9 11 2083 6081,3,False,2025-07-11 21:47:09,666.0
253,Juan,González,CUIT,20-68315400-2,juan.gonzález253@ejemplo.com,+54 9 11 3877 2956,1,True,2025-09-17 22:57:59,317.0
254,María,Pérez,RUC,472271797,maría.pérez254@ejemplo.com,+54 9 11 5247 3735,2,True,2025-08-14 01:45:10,739.0
255,Camila,Rodríguez,DNI,32482209,camila.rodríguez255@ejemplo.com,+54 9 11 2262 9128,2,False,2025-10-01 10:02:58,270.0
256,María,Fernández,CUIT,27-31113788-5,maría.fernández256@ejemplo.com,+54 9 11 4742 9336,1,True,2026-03-16 23:52:16,119.0
257,María,López,DNI,41659585,maría.lópez257@ejemplo.com,+54 9 11 1579 7870,1,False,2025-11-03 05:37:53,184.0
258,Juan,Díaz,CE,CE5550953,juan.díaz258@ejemplo.com,+54 9 11 1862 3938,1,True,2026-03-30 00:12:55,515.0
259,Valentina,Rodríguez,RUC,403124688,valentina.rodríguez259@ejemplo.com,+54 9 11 1130 7044,1,False,2025-11-30 08:30:27,468.0
260,Camila,López,RUC,495430792,camila.lópez260@ejemplo.com,+54 9 11 9954 5016,1,True,2025-07-10 02:46:13,201.0
261,Valentina,González,CUIT,27-95354668-1,valentina.gonzález261@ejemplo.com,+54 9 11 6038 2703,1,True,2025-11-18 17:47:20,386.0
262,Valentina,Fernández,DNI,19554522,valentina.fernández262@ejemplo.com,+54 9 11 4792 9515,2,False,2025-05-09 10:31:00,944.0
263,Mateo,Rodríguez,DNI,43918683,mateo.rodríguez263@ejemplo.com,+54 9 11 2020 8126,3,True,2026-02-28 21:43:37,77.0
264,Juan,Martínez,CE,CE6284972,juan.martínez264@ejemplo.com,+54 9 11 6211 8417,2,True,2025-10-18 19:42:15,335.0
265,José,López,CUIT,20-30858851-2,josé.lópez265@ejemplo.com,+54 9 11 2978 9780,2,True,2026-02-13 04:06:42,417.0
266,Mateo,Martínez,RUC,384550090,mateo.martínez266@ejemplo.com,+54 9 11 5984 1660,1,False,2026-03-08 16:25:11,703.0
267,Lucía,Rodríguez,CUIT,27-63183031-9,lucía.rodríguez267@ejemplo.com,+54 9 11 3848 1509,2,False,2026-04-12 21:16:46,840.0
268,Juan,Rodríguez,RUC,209422179,juan.rodríguez268@ejemplo.com,+54 9 11 4641 3141,1,False,2026-02-26 15:35:59,851.0
269,Santiago,Rodríguez,CE,CE2258076,santiago.rodríguez269@ejemplo.com,+54 9 11 8265 3110,1,False,2026-04-27 16:23:05,662.0
270,José,González,RUC,154371817,josé.gonzález270@ejemplo.com,+54 9 11 7471 9128,1,False,2026-02-11 00:08:10,742.0
271,Valentina,Pérez,CE,CE4602338,valentina.pérez271@ejemplo.com,+54 9 11 3435 1567,3,True,2026-02-02 10:18:34,905.0
272,Camila,Fernández,RUC,691297450,camila.fernández272@ejemplo.com,+54 9 11 3248 7868,1,True,2025-09-05 17:30:45,393.0
273,María,Díaz,CE,CE9047769,maría.díaz273@ejemplo.com,+54 9 11 9231 6269,2,False,2025-08-03 03:13:04,580.0
274,Lucía,González,CE,CE4674549,lucía.gonzález274@ejemplo.com,+54 9 11 9674 6856,3,True,2026-04-23 10:32:11,484.0
275,Lucía,Rodríguez,CUIT,23-45772648-9,lucía.rodríguez275@ejemplo.com,+54 9 11 7363 6813,1,True,2026-04-10 10:59:08,817.0
276,Juan,Gómez,CE,CE1473227,juan.gómez276@ejemplo.com,+54 9 11 3328 4084,2,False,2025-05-12 20:13:26,578.0
277,Lucía,Fernández,DNI,16057070,lucía.fernández277@ejemplo.com,+54 9 11 9625 8831,1,False,2026-04-10 10:57:48,21.0
278,Juan,Pérez,CE,CE3977282,juan.pérez278@ejemplo.com,+54 9 11 3320 2817,3,False,2025-11-24 17:34:53,601.0
279,José,Gómez,RUC,729230605,josé.gómez279@ejemplo.com,+54 9 11 3580 8157,3,False,2026-03-18 08:16:42,140.0
280,Santiago,Pérez,CE,CE4745298,santiago.pérez280@ejemplo.com,+54 9 11 6026 5825,1,True,2025-06-01 23:43:51,388.0
281,María,Díaz,DNI,22219299,maría.díaz281@ejemplo.com,+54 9 11 4619 2705,2,True,2025-07-04 07:37:11,991.0
282,Santiago,Rodríguez,CUIT,27-52885071-3,santiago.rodríguez282@ejemplo.com,+54 9 11 6500 8317,1,False,2025-06-17 15:43:17,687.0
283,Juan,López,DNI,33520392,juan.lópez283@ejemplo.com,+54 9 11 7323 8179,3,False,2025-12-28 14:50:02,50.0
284,Lucía,Díaz,RUC,506639535,lucía.díaz284@ejemplo.com,+54 9 11 8855 4695,1,False,2025-11-10 01:11:56,849.0
285,José,González,CE,CE1336852,josé.gonzález285@ejemplo.com,+54 9 11 3787 7151,1,True,2025-11-26 10:29:58,351.0
286,José,Gómez,RUC,856456108,josé.gómez286@ejemplo.com,+54 9 11 8113 3573,1,True,2026-04-23 04:54:52,622.0
287,Santiago,López,CUIT,30-84371711-9,santiago.lópez287@ejemplo.com,+54 9 11 2571 1813,2,False,2025-12-23 21:17:43,244.0
288,Lucía,González,CE,CE1064014,lucía.gonzález288@ejemplo.com,+54 9 11 8869 4271,1,True,2025-10-02 16:17:10,678.0
289,Juan,Pérez,CE,CE2374659,juan.pérez289@ejemplo.com,+54 9 11 8715 9013,3,False,2025-09-08 15:16:12,408.0
290,José,Díaz,CUIT,27-61196706-6,josé.díaz290@ejemplo.com,+54 9 11 8619 5315,1,False,2026-02-02 04:33:46,451.0
291,María,Pérez,DNI,15751720,maría.pérez291@ejemplo.com,+54 9 11 4727 1999,2,False,2025-05-31 06:44:28,424.0
292,Mateo,López,RUC,420890008,mateo.lópez292@ejemplo.com,+54 9 11 1568 9226,3,True,2026-03-29 05:38:08,732.0
293,José,Fernández,CUIT,23-38439415-4,josé.fernández293@ejemplo.com,+54 9 11 8133 4308,3,True,2026-03-05 17:08:57,700.0
294,Camila,Gómez,DNI,15840312,camila.gómez294@ejemplo.com,+54 9 11 5525 9514,2,True,2025-10-22 01:10:27,334.0
295,Valentina,Rodríguez,RUC,260677223,valentina.rodríguez295@ejemplo.com,+54 9 11 2641 2730,3,True,2026-02-21 23:58:25,777.0
296,Camila,Gómez,RUC,383614547,camila.gómez296@ejemplo.com,+54 9 11 8750 1613,1,False,2025-10-23 22:04:26,624.0
297,Valentina,Pérez,RUC,141642429,valentina.pérez297@ejemplo.com,+54 9 11 8785 5400,2,True,2025-10-18 07:51:47,51.0
298,Santiago,Martínez,CE,CE5703436,santiago.martínez298@ejemplo.com,+54 9 11 4734 3201,2,False,2025-08-29 19:52:56,996.0
299,Santiago,Martínez,RUC,749591392,santiago.martínez299@ejemplo.com,+54 9 11 7671 8937,3,False,2025-06-12 16:23:34,217.0
300,María,Pérez,DNI,30879117,maría.pérez300@ejemplo.com,+54 9 11 9589 1474,1,True,2025-05-10 02:10:54,800.0
301,Juan,González,CUIT,20-71263503-1,juan.gonzález301@ejemplo.com,+54 9 11 8605 9275,2,True,2025-11-04 20:23:45,378.0
302,María,López,CE,CE9200480,maría.lópez302@ejemplo.com,+54 9 11 6730 6640,1,False,2025-07-08 04:24:07,486.0
303,José,Martínez,DNI,35941983,josé.martínez303@ejemplo.com,+54 9 11 4511 4626,3,True,2026-04-13 12:41:26,799.0
304,Juan,Martínez,RUC,651131533,juan.martínez304@ejemplo.com,+54 9 11 3167 3837,3,True,2026-04-27 21:35:32,934.0
305,Juan,Martínez,CE,CE5620085,juan.martínez305@ejemplo.com,+54 9 11 5128 4575,2,False,2025-10-04 05:41:40,471.0
306,Valentina,Rodríguez,DNI,44327104,valentina.rodríguez306@ejemplo.com,+54 9 11 5631 5890,3,True,2025-06-03 07:00:21,609.0
307,Mateo,Rodríguez,CE,CE5638619,mateo.rodríguez307@ejemplo.com,+54 9 11 5895 4086,1,True,2025-06-15 07:40:45,268.0
308,María,Díaz,CE,CE3347627,maría.díaz308@ejemplo.com,+54 9 11 7857 7628,2,True,2026-04-24 22:04:44,266.0
309,Juan,Gómez,CUIT,30-58116670-9,juan.gómez309@ejemplo.com,+54 9 11 3967 5813,1,False,2025-12-06 12:42:20,898.0
310,Lucía,Martínez,CUIT,27-97836731-2,lucía.martínez310@ejemplo.com,+54 9 11 6031 7889,2,False,2026-01-15 07:21:15,893.0
311,Camila,Martínez,RUC,226466892,camila.martínez311@ejemplo.com,+54 9 11 2166 8736,1,True,2025-09-10 16:40:22,598.0
312,Valentina,Martínez,RUC,158048598,valentina.martínez312@ejemplo.com,+54 9 11 8496 3346,2,True,2026-02-20 14:23:41,420.0
313,José,Fernández,CE,CE3966618,josé.fernández313@ejemplo.com,+54 9 11 5481 4430,1,True,2025-11-28 22:33:02,463.0
314,Mateo,Rodríguez,CUIT,30-95025258-7,mateo.rodríguez314@ejemplo.com,+54 9 11 1618 9745,1,False,2025-10-14 05:05:38,5.0
315,María,Gómez,CUIT,20-10553491-4,maría.gómez315@ejemplo.com,+54 9 11 3112 2682,2,False,2026-01-12 19:39:40,320.0
316,Lucía,Rodríguez,DNI,30012014,lucía.rodríguez316@ejemplo.com,+54 9 11 9587 6535,2,True,2025-12-11 03:49:29,611.0
317,Santiago,Fernández,CE,CE4161264,santiago.fernández317@ejemplo.com,+54 9 11 3149 4460,3,True,2026-02-13 06:34:48,230.0
318,Lucía,Rodríguez,CE,CE1626854,lucía.rodríguez318@ejemplo.com,+54 9 11 1796 1785,3,True,2025-10-27 22:19:13,548.0
319,María,González,DNI,37969334,maría.gonzález319@ejemplo.com,+54 9 11 8772 3508,1,True,2025-09-23 06:28:27,259.0
320,Camila,Díaz,DNI,44917361,camila.díaz320@ejemplo.com,+54 9 11 7862 2718,3,True,2025-12-20 22:57:18,141.0
321,Camila,Rodríguez,DNI,43402703,camila.rodríguez321@ejemplo.com,+54 9 11 9571 4304,2,False,2026-01-26 23:23:13,270.0
322,Camila,Pérez,DNI,46784969,camila.pérez322@ejemplo.com,+54 9 11 6416 4842,1,True,2025-08-27 11:51:03,493.0
323,José,Rodríguez,RUC,260142678,josé.rodríguez323@ejemplo.com,+54 9 11 2659 5192,3,True,2026-03-23 02:31:16,741.0
324,Mateo,Martínez,CE,CE8789281,mateo.martínez324@ejemplo.com,+54 9 11 1646 5760,2,False,2026-04-13 14:43:51,896.0
325,Valentina,Rodríguez,DNI,13079564,valentina.rodríguez325@ejemplo.com,+54 9 11 6384 6857,2,False,2026-05-04 13:53:21,175.0
326,José,Gómez,CE,CE4068039,josé.gómez326@ejemplo.com,+54 9 11 7319 8835,2,True,2026-03-11 06:10:33,279.0
327,José,Pérez,DNI,20696844,josé.pérez327@ejemplo.com,+54 9 11 8178 3969,3,False,2026-03-16 04:37:25,495.0
328,Santiago,González,CUIT,30-75514730-2,santiago.gonzález328@ejemplo.com,+54 9 11 6148 1202,3,True,2025-10-10 04:33:58,268.0
329,Santiago,Rodríguez,RUC,810509206,santiago.rodríguez329@ejemplo.com,+54 9 11 7305 3435,3,True,2026-01-01 03:13:20,693.0
330,María,Pérez,RUC,632398698,maría.pérez330@ejemplo.com,+54 9 11 4946 6421,2,True,2026-02-13 15:47:31,329.0
331,Juan,Díaz,RUC,977357994,juan.díaz331@ejemplo.com,+54 9 11 8341 2442,2,False,2026-01-08 16:06:34,821.0
332,Santiago,Rodríguez,RUC,900194244,santiago.rodríguez332@ejemplo.com,+54 9 11 1587 9996,1,True,2025-06-08 18:29:37,423.0
333,Camila,López,RUC,465989408,camila.lópez333@ejemplo.com,+54 9 11 8445 6439,3,False,2025-11-03 16:43:48,865.0
334,Santiago,Fernández,DNI,16538887,santiago.fernández334@ejemplo.com,+54 9 11 5783 9973,3,False,2025-06-05 11:35:41,364.0
335,José,González,CUIT,30-28850770-7,josé.gonzález335@ejemplo.com,+54 9 11 2978 7437,1,False,2026-03-15 09:56:50,193.0
336,Juan,Gómez,DNI,37814634,juan.gómez336@ejemplo.com,+54 9 11 3018 8381,2,True,2026-04-14 21:42:19,603.0
337,Mateo,González,DNI,47126390,mateo.gonzález337@ejemplo.com,+54 9 11 3903 3845,3,True,2025-09-29 00:05:03,521.0
338,José,Díaz,CE,CE9457564,josé.díaz338@ejemplo.com,+54 9 11 5067 5482,2,False,2025-10-24 04:57:04,710.0
339,Camila,Fernández,CUIT,23-65397759-9,camila.fernández339@ejemplo.com,+54 9 11 4560 4291,1,False,2025-12-05 20:00:07,322.0
340,Santiago,Pérez,CUIT,27-25489430-6,santiago.pérez340@ejemplo.com,+54 9 11 7839 9747,2,False,2025-07-25 02:58:26,966.0
341,María,Rodríguez,DNI,35559774,maría.rodríguez341@ejemplo.com,+54 9 11 5374 3636,2,False,2026-02-23 16:53:59,205.0
342,Lucía,González,CE,CE4422567,lucía.gonzález342@ejemplo.com,+54 9 11 2679 4675,3,False,2025-08-04 17:13:10,464.0
343,Juan,Martínez,DNI,35607576,juan.martínez343@ejemplo.com,+54 9 11 1881 1212,3,False,2025-10-22 04:45:19,321.0
344,Juan,Fernández,CUIT,27-88971743-9,juan.fernández344@ejemplo.com,+54 9 11 4170 5819,2,True,2025-07-04 11:46:16,988.0
345,José,Pérez,CUIT,20-60626689-1,josé.pérez345@ejemplo.com,+54 9 11 3636 5178,1,False,2025-10-01 10:00:46,134.0
346,Mateo,Pérez,DNI,20314859,mateo.pérez346@ejemplo.com,+54 9 11 5934 9037,3,False,2025-11-23 23:32:13,955.0
347,José,Gómez,CUIT,23-79874593-2,josé.gómez347@ejemplo.com,+54 9 11 7609 2506,2,True,2025-08-23 13:09:28,550.0
348,Juan,Gómez,CE,CE7053183,juan.gómez348@ejemplo.com,+54 9 11 8780 1144,1,False,2025-12-09 11:47:23,544.0
349,Mateo,López,CUIT,20-53075436-7,mateo.lópez349@ejemplo.com,+54 9 11 5633 1404,3,False,2026-03-11 06:19:28,742.0
350,Mateo,Fernández,DNI,29893346,mateo.fernández350@ejemplo.com,+54 9 11 2572 3742,3,True,2025-06-09 12:15:30,85.0
351,José,López,CUIT,30-23948820-4,josé.lópez351@ejemplo.com,+54 9 11 8130 2181,3,True,2025-08-05 19:39:15,794.0
352,María,Fernández,CE,CE1635626,maría.fernández352@ejemplo.com,+54 9 11 5127 2154,3,True,2026-03-25 16:32:51,814.0
353,Camila,Díaz,RUC,584392493,camila.díaz353@ejemplo.com,+54 9 11 7381 2938,3,True,2025-06-20 06:08:42,18.0
354,José,González,DNI,34004849,josé.gonzález354@ejemplo.com,+54 9 11 5937 2417,2,False,2025-08-24 15:17:12,703.0
355,Valentina,Díaz,DNI,41808774,valentina.díaz355@ejemplo.com,+54 9 11 7406 9941,2,True,2026-02-17 01:21:54,765.0
356,Camila,Gómez,DNI,47146379,camila.gómez356@ejemplo.com,+54 9 11 7456 9800,3,True,2025-07-28 14:29:00,6.0
357,Camila,López,CE,CE4552356,camila.lópez357@ejemplo.com,+54 9 11 3637 4014,1,False,2025-10-08 21:41:30,146.0
358,Juan,Rodríguez,CUIT,20-83665549-8,juan.rodríguez358@ejemplo.com,+54 9 11 2103 5107,1,True,2025-06-12 01:31:44,688.0
359,Mateo,Gómez,CE,CE3151093,mateo.gómez359@ejemplo.com,+54 9 11 2143 4170,2,False,2025-05-29 22:20:56,292.0
360,Mateo,Gómez,CE,CE3556763,mateo.gómez360@ejemplo.com,+54 9 11 8017 3762,1,False,2025-07-23 00:12:11,324.0
361,Juan,López,RUC,397082704,juan.lópez361@ejemplo.com,+54 9 11 8863 8583,2,False,2025-11-05 13:52:16,340.0
362,Camila,Fernández,DNI,21795735,camila.fernández362@ejemplo.com,+54 9 11 3293 9824,1,False,2025-06-11 23:30:09,288.0
363,José,Rodríguez,DNI,44036160,josé.rodríguez363@ejemplo.com,+54 9 11 7637 4485,1,False,2025-06-19 17:43:25,593.0
364,Mateo,Pérez,CE,CE7585029,mateo.pérez364@ejemplo.com,+54 9 11 3193 8613,3,True,2026-01-13 23:49:08,298.0
365,Valentina,Gómez,DNI,26031019,valentina.gómez365@ejemplo.com,+54 9 11 3299 8310,1,True,2025-06-27 21:25:14,527.0
366,Lucía,Fernández,CE,CE1678132,lucía.fernández366@ejemplo.com,+54 9 11 7052 4834,1,True,2026-01-16 03:21:58,271.0
367,Santiago,Díaz,RUC,588169687,santiago.díaz367@ejemplo.com,+54 9 11 9542 5480,3,False,2026-04-15 16:54:42,106.0
368,Lucía,Díaz,RUC,492234424,lucía.díaz368@ejemplo.com,+54 9 11 9465 5121,2,True,2025-07-11 21:38:09,80.0
369,Valentina,Gómez,CE,CE9168181,valentina.gómez369@ejemplo.com,+54 9 11 3276 8207,1,True,2025-09-03 23:35:30,904.0
370,José,Martínez,CUIT,23-35086055-3,josé.martínez370@ejemplo.com,+54 9 11 4773 7793,2,True,2025-11-03 22:50:10,122.0
371,Mateo,Fernández,RUC,326241647,mateo.fernández371@ejemplo.com,+54 9 11 1367 4992,1,True,2025-07-10 12:54:09,421.0
372,Lucía,Pérez,DNI,48404342,lucía.pérez372@ejemplo.com,+54 9 11 3949 9464,2,True,2026-02-22 17:25:46,945.0
373,Camila,Rodríguez,CUIT,30-91406527-8,camila.rodríguez373@ejemplo.com,+54 9 11 3338 3979,3,False,2025-09-04 13:21:09,421.0
374,Lucía,Gómez,RUC,740522822,lucía.gómez374@ejemplo.com,+54 9 11 3166 2778,1,True,2025-07-10 16:21:38,395.0
375,Valentina,Pérez,DNI,21906601,valentina.pérez375@ejemplo.com,+54 9 11 9706 9246,1,True,2025-09-06 22:58:00,899.0
376,Mateo,Pérez,DNI,38957261,mateo.pérez376@ejemplo.com,+54 9 11 9680 8028,1,False,2025-08-14 05:12:07,45.0
377,Valentina,Gómez,DNI,38554110,valentina.gómez377@ejemplo.com,+54 9 11 2373 5641,3,False,2026-03-01 10:05:13,239.0
378,Camila,López,DNI,10477417,camila.lópez378@ejemplo.com,+54 9 11 7144 4365,3,False,2025-07-17 02:28:29,8.0
379,Valentina,Gómez,DNI,20387014,valentina.gómez379@ejemplo.com,+54 9 11 9783 7939,3,False,2025-10-01 21:58:46,268.0
380,Camila,Díaz,CUIT,30-84102271-9,camila.díaz380@ejemplo.com,+54 9 11 8925 5157,2,False,2025-09-03 13:12:27,569.0
381,Valentina,Pérez,DNI,25419691,valentina.pérez381@ejemplo.com,+54 9 11 9328 7562,2,True,2025-09-21 20:25:56,220.0
382,Lucía,Díaz,DNI,16112851,lucía.díaz382@ejemplo.com,+54 9 11 2444 2049,2,True,2026-02-23 02:36:24,446.0
383,Santiago,Rodríguez,DNI,35791681,santiago.rodríguez383@ejemplo.com,+54 9 11 1941 3871,3,False,2025-10-14 22:54:29,294.0
384,Mateo,González,CUIT,27-36138432-1,mateo.gonzález384@ejemplo.com,+54 9 11 3776 1590,2,True,2025-07-06 02:02:18,238.0
385,María,Pérez,DNI,28517809,maría.pérez385@ejemplo.com,+54 9 11 4281 9482,1,True,2025-10-16 06:53:37,416.0
386,José,Martínez,CE,CE6829664,josé.martínez386@ejemplo.com,+54 9 11 7618 1076,2,True,2025-12-18 10:57:50,466.0
387,Valentina,Rodríguez,DNI,43767111,valentina.rodríguez387@ejemplo.com,+54 9 11 5222 9813,3,False,2025-12-09 08:28:11,526.0
388,Mateo,Díaz,RUC,926745981,mateo.díaz388@ejemplo.com,+54 9 11 8548 1448,2,True,2026-01-04 07:46:33,698.0
389,Camila,Rodríguez,RUC,780389168,camila.rodríguez389@ejemplo.com,+54 9 11 6172 7757,2,True,2026-01-15 20:51:48,820.0
390,Camila,López,CE,CE2560439,camila.lópez390@ejemplo.com,+54 9 11 2245 3924,2,False,2025-10-15 20:48:10,351.0
391,Santiago,López,CE,CE4066614,santiago.lópez391@ejemplo.com,+54 9 11 4847 4965,2,True,2025-05-24 12:04:15,205.0
392,Juan,López,CUIT,27-30937370-2,juan.lópez392@ejemplo.com,+54 9 11 1108 9871,1,False,2026-03-08 15:52:20,505.0
393,Santiago,Gómez,RUC,716885481,santiago.gómez393@ejemplo.com,+54 9 11 9374 5591,2,True,2025-12-19 03:24:14,938.0
394,Lucía,González,RUC,613592269,lucía.gonzález394@ejemplo.com,+54 9 11 3863 8490,1,False,2025-08-05 17:03:40,404.0
395,Santiago,González,DNI,24143353,santiago.gonzález395@ejemplo.com,+54 9 11 5254 4066,3,False,2025-10-26 00:29:42,371.0
396,Juan,Martínez,RUC,758293983,juan.martínez396@ejemplo.com,+54 9 11 4449 7866,3,False,2025-11-14 07:24:31,435.0
397,Santiago,Díaz,CE,CE8561977,santiago.díaz397@ejemplo.com,+54 9 11 4744 2636,3,False,2026-02-05 00:27:26,703.0
398,Juan,Díaz,RUC,310521278,juan.díaz398@ejemplo.com,+54 9 11 1159 3893,2,False,2026-02-22 19:26:32,826.0
399,Lucía,Gómez,RUC,422159250,lucía.gómez399@ejemplo.com,+54 9 11 7527 2621,3,True,2025-12-31 00:41:26,49.0
400,María,López,CE,CE8995004,maría.lópez400@ejemplo.com,+54 9 11 5256 6914,2,False,2025-06-20 15:07:15,343.0
401,Santiago,González,RUC,230177767,santiago.gonzález401@ejemplo.com,+54 9 11 9821 3859,2,False,2025-11-09 20:57:50,591.0
402,Santiago,Fernández,RUC,184189438,santiago.fernández402@ejemplo.com,+54 9 11 3373 3745,3,False,2025-10-24 23:17:33,647.0
403,Valentina,Díaz,DNI,15309111,valentina.díaz403@ejemplo.com,+54 9 11 5773 5382,3,False,2026-02-15 08:21:42,325.0
404,Camila,Fernández,CE,CE9739850,camila.fernández404@ejemplo.com,+54 9 11 1378 3048,3,True,2025-09-20 05:25:51,875.0
405,Camila,Rodríguez,CUIT,23-63290556-2,camila.rodríguez405@ejemplo.com,+54 9 11 9985 1881,1,False,2026-03-21 15:36:06,485.0
406,José,Rodríguez,CE,CE3605071,josé.rodríguez406@ejemplo.com,+54 9 11 6068 4757,1,False,2026-03-25 21:36:06,400.0
407,Mateo,Pérez,CUIT,23-13834774-1,mateo.pérez407@ejemplo.com,+54 9 11 8801 8654,3,False,2025-06-03 06:40:04,334.0
408,Mateo,Pérez,CUIT,30-94697764-7,mateo.pérez408@ejemplo.com,+54 9 11 6688 8891,3,True,2025-08-12 21:55:28,318.0
409,José,Fernández,CE,CE7136825,josé.fernández409@ejemplo.com,+54 9 11 1001 9574,1,False,2025-10-09 10:26:43,11.0
410,Camila,Fernández,DNI,43012974,camila.fernández410@ejemplo.com,+54 9 11 5799 4788,1,False,2025-09-06 09:35:13,441.0
411,Juan,Díaz,RUC,523861817,juan.díaz411@ejemplo.com,+54 9 11 7385 7199,1,False,2026-01-01 12:50:15,662.0
412,José,Díaz,CUIT,27-48208680-9,josé.díaz412@ejemplo.com,+54 9 11 3988 3238,2,True,2025-12-22 05:23:08,71.0
413,Mateo,Fernández,CE,CE9254323,mateo.fernández413@ejemplo.com,+54 9 11 9764 1362,1,True,2026-02-01 08:34:53,51.0
414,Camila,Martínez,CUIT,30-11101134-4,camila.martínez414@ejemplo.com,+54 9 11 6601 7885,2,False,2026-03-23 14:35:31,223.0
415,Santiago,Fernández,DNI,32162611,santiago.fernández415@ejemplo.com,+54 9 11 7429 2169,3,False,2026-03-28 14:32:45,795.0
416,Lucía,López,CE,CE7401806,lucía.lópez416@ejemplo.com,+54 9 11 7304 8257,1,True,2026-05-02 14:46:17,255.0
417,Juan,Fernández,DNI,44973054,juan.fernández417@ejemplo.com,+54 9 11 6113 6293,1,True,2025-06-02 12:05:38,698.0
418,José,Martínez,RUC,785605643,josé.martínez418@ejemplo.com,+54 9 11 4568 2850,1,False,2025-12-07 12:12:06,54.0
419,Santiago,González,CUIT,27-88476684-2,santiago.gonzález419@ejemplo.com,+54 9 11 8786 3539,2,True,2025-10-18 11:36:00,596.0
420,Juan,Pérez,RUC,198141669,juan.pérez420@ejemplo.com,+54 9 11 1983 1979,2,True,2025-05-21 23:14:03,993.0
421,José,Pérez,RUC,349832483,josé.pérez421@ejemplo.com,+54 9 11 6690 8187,3,True,2025-11-27 00:45:21,775.0
422,María,Díaz,CE,CE3260430,maría.díaz422@ejemplo.com,+54 9 11 5828 9892,3,False,2025-12-31 17:04:17,449.0
423,Juan,Pérez,CE,CE6430463,juan.pérez423@ejemplo.com,+54 9 11 3627 2128,3,True,2025-09-11 09:40:09,614.0
424,Mateo,Martínez,CE,CE7159129,mateo.martínez424@ejemplo.com,+54 9 11 7210 4039,1,False,2025-09-18 17:46:22,519.0
425,Juan,Gómez,DNI,46168759,juan.gómez425@ejemplo.com,+54 9 11 3525 5638,2,False,2025-10-22 12:02:19,510.0
426,Santiago,Rodríguez,DNI,45111393,santiago.rodríguez426@ejemplo.com,+54 9 11 3126 3926,1,True,2025-06-05 16:33:09,961.0
427,José,Fernández,CUIT,20-14270425-7,josé.fernández427@ejemplo.com,+54 9 11 5193 1804,2,True,2025-06-06 03:02:23,719.0
428,José,González,CUIT,30-20731620-8,josé.gonzález428@ejemplo.com,+54 9 11 7814 7046,3,True,2025-06-15 17:12:27,762.0
429,Camila,González,DNI,30394689,camila.gonzález429@ejemplo.com,+54 9 11 4784 9710,2,True,2026-03-30 12:02:56,104.0
430,Juan,López,CUIT,30-24161873-6,juan.lópez430@ejemplo.com,+54 9 11 2705 3733,1,False,2025-05-28 03:51:20,438.0
431,Santiago,Pérez,RUC,478305093,santiago.pérez431@ejemplo.com,+54 9 11 7755 8054,3,False,2025-11-28 01:15:08,381.0
432,Juan,López,RUC,922172936,juan.lópez432@ejemplo.com,+54 9 11 8412 8331,2,True,2025-07-30 19:19:39,985.0
433,María,Martínez,DNI,44736176,maría.martínez433@ejemplo.com,+54 9 11 4519 6159,1,False,2026-02-28 09:35:43,228.0
434,Lucía,Rodríguez,DNI,40894894,lucía.rodríguez434@ejemplo.com,+54 9 11 5093 4817,2,False,2025-11-07 14:27:46,376.0
435,José,Díaz,CUIT,20-53579429-8,josé.díaz435@ejemplo.com,+54 9 11 2562 5921,1,False,2026-02-09 02:43:05,707.0
436,José,González,CE,CE6837300,josé.gonzález436@ejemplo.com,+54 9 11 4714 1187,3,False,2025-09-28 04:36:07,124.0
437,María,Martínez,DNI,31428970,maría.martínez437@ejemplo.com,+54 9 11 4617 3509,1,False,2025-08-05 00:26:42,515.0
438,Mateo,Rodríguez,CUIT,30-48894019-7,mateo.rodríguez438@ejemplo.com,+54 9 11 1807 9980,2,False,2026-02-22 14:14:57,488.0
439,José,Díaz,RUC,930888412,josé.díaz439@ejemplo.com,+54 9 11 4245 8993,2,True,2025-05-16 13:47:54,493.0
440,Juan,López,DNI,27868210,juan.lópez440@ejemplo.com,+54 9 11 2467 2843,3,False,2025-09-30 07:52:03,590.0
441,Valentina,Gómez,CE,CE4195887,valentina.gómez441@ejemplo.com,+54 9 11 5994 3773,2,False,2025-11-25 06:57:21,25.0
442,Lucía,Fernández,DNI,25669221,lucía.fernández442@ejemplo.com,+54 9 11 2405 2841,3,True,2026-01-25 21:12:53,776.0
443,Juan,Pérez,CE,CE1230406,juan.pérez443@ejemplo.com,+54 9 11 8373 8719,1,False,2025-11-13 19:44:55,313.0
444,Juan,López,CUIT,27-83658696-8,juan.lópez444@ejemplo.com,+54 9 11 1301 7170,3,True,2025-06-23 19:26:18,716.0
445,Camila,Pérez,DNI,29059826,camila.pérez445@ejemplo.com,+54 9 11 8617 1136,1,False,2026-01-25 19:56:45,55.0
446,Camila,Gómez,DNI,11280324,camila.gómez446@ejemplo.com,+54 9 11 9331 2631,2,False,2025-12-09 22:11:48,390.0
447,José,Pérez,CUIT,30-85254207-1,josé.pérez447@ejemplo.com,+54 9 11 6465 9027,2,True,2026-04-18 10:36:29,313.0
448,María,Gómez,CE,CE6962255,maría.gómez448@ejemplo.com,+54 9 11 2015 5221,2,True,2025-06-22 09:20:30,283.0
449,Camila,López,CUIT,27-62726977-3,camila.lópez449@ejemplo.com,+54 9 11 4726 7837,1,True,2026-03-24 19:11:29,984.0
450,Valentina,Martínez,CE,CE8535808,valentina.martínez450@ejemplo.com,+54 9 11 9869 4314,1,False,2025-08-04 14:22:21,142.0
451,Lucía,Díaz,CUIT,23-52613620-2,lucía.díaz451@ejemplo.com,+54 9 11 6203 3384,3,True,2025-07-27 00:49:55,189.0
452,Santiago,Díaz,RUC,425717549,santiago.díaz452@ejemplo.com,+54 9 11 5485 3489,1,True,2025-09-23 18:36:10,916.0
453,Lucía,Pérez,DNI,27908846,lucía.pérez453@ejemplo.com,+54 9 11 4804 4783,3,True,2025-07-01 23:56:48,611.0
454,Santiago,Rodríguez,RUC,243974416,santiago.rodríguez454@ejemplo.com,+54 9 11 7126 4014,2,False,2025-08-23 23:05:17,666.0
455,Mateo,Pérez,CUIT,23-40369856-1,mateo.pérez455@ejemplo.com,+54 9 11 7767 4646,3,True,2025-10-11 17:36:45,974.0
456,Juan,Rodríguez,CUIT,30-92820305-8,juan.rodríguez456@ejemplo.com,+54 9 11 5043 8005,2,True,2025-05-21 07:40:33,909.0
457,Valentina,Gómez,RUC,756598356,valentina.gómez457@ejemplo.com,+54 9 11 1630 9530,1,False,2025-07-19 23:01:29,657.0
458,Mateo,González,CUIT,30-15268263-9,mateo.gonzález458@ejemplo.com,+54 9 11 1807 4110,2,False,2025-10-22 01:47:22,986.0
459,Valentina,Martínez,CE,CE8740121,valentina.martínez459@ejemplo.com,+54 9 11 1893 9470,1,False,2026-02-12 05:17:23,942.0
460,Mateo,Rodríguez,DNI,22064253,mateo.rodríguez460@ejemplo.com,+54 9 11 7775 6299,2,True,2025-07-12 20:01:54,403.0
461,Lucía,Fernández,CUIT,30-22103709-5,lucía.fernández461@ejemplo.com,+54 9 11 3686 3024,1,True,2025-11-23 19:54:04,729.0
462,Mateo,Gómez,DNI,45152784,mateo.gómez462@ejemplo.com,+54 9 11 9383 3619,2,False,2025-05-11 05:49:12,999.0
463,María,Pérez,CE,CE3518087,maría.pérez463@ejemplo.com,+54 9 11 1840 7874,2,False,2026-02-14 14:24:13,730.0
464,Mateo,Martínez,CUIT,20-27659164-4,mateo.martínez464@ejemplo.com,+54 9 11 8514 9153,2,True,2026-05-06 22:47:46,13.0
465,Mateo,López,CUIT,30-70899748-7,mateo.lópez465@ejemplo.com,+54 9 11 5009 9967,2,True,2025-09-24 15:57:24,7.0
466,María,Pérez,CUIT,20-97681338-6,maría.pérez466@ejemplo.com,+54 9 11 5889 6424,1,True,2026-04-20 13:42:00,684.0
467,José,Díaz,CUIT,23-48168910-9,josé.díaz467@ejemplo.com,+54 9 11 1587 2525,2,False,2026-02-07 03:48:25,369.0
468,Santiago,Díaz,DNI,38677217,santiago.díaz468@ejemplo.com,+54 9 11 2999 5496,2,False,2025-07-31 16:17:32,138.0
469,Juan,López,DNI,17335148,juan.lópez469@ejemplo.com,+54 9 11 8924 5705,2,False,2025-07-19 18:55:29,90.0
470,Camila,Gómez,CUIT,30-79753731-8,camila.gómez470@ejemplo.com,+54 9 11 5759 4171,1,True,2025-08-29 12:39:23,239.0
471,María,Fernández,DNI,23913736,maría.fernández471@ejemplo.com,+54 9 11 6728 4478,1,True,2025-06-27 05:10:00,342.0
472,Camila,Martínez,DNI,30654266,camila.martínez472@ejemplo.com,+54 9 11 1100 2865,3,False,2025-12-06 02:00:42,786.0
473,Santiago,Díaz,DNI,21786268,santiago.díaz473@ejemplo.com,+54 9 11 8849 8774,1,True,2026-01-29 07:42:41,945.0
474,Mateo,Pérez,RUC,676564508,mateo.pérez474@ejemplo.com,+54 9 11 1917 9537,2,False,2025-11-18 03:45:10,424.0
475,María,López,CE,CE6932348,maría.lópez475@ejemplo.com,+54 9 11 6556 7147,3,True,2026-04-05 14:18:09,32.0
476,Valentina,Pérez,DNI,30688415,valentina.pérez476@ejemplo.com,+54 9 11 7780 2422,2,True,2025-05-12 07:51:00,279.0
477,Santiago,Fernández,CE,CE4626225,santiago.fernández477@ejemplo.com,+54 9 11 1612 4311,1,False,2025-08-13 09:24:55,384.0
478,María,Fernández,CUIT,23-55649583-8,maría.fernández478@ejemplo.com,+54 9 11 2609 9456,3,True,2025-08-13 08:46:42,147.0
479,Juan,González,RUC,516169674,juan.gonzález479@ejemplo.com,+54 9 11 1721 2426,2,False,2025-05-08 02:29:02,319.0
480,María,Rodríguez,CE,CE1377156,maría.rodríguez480@ejemplo.com,+54 9 11 6257 4285,1,False,2025-07-17 08:55:05,215.0
481,Camila,Gómez,RUC,820613955,camila.gómez481@ejemplo.com,+54 9 11 2875 1249,3,True,2026-03-09 10:26:52,281.0
482,Juan,Gómez,CE,CE5547499,juan.gómez482@ejemplo.com,+54 9 11 5011 3806,1,False,2026-02-24 19:44:44,588.0
483,Santiago,Fernández,DNI,18729118,santiago.fernández483@ejemplo.com,+54 9 11 2735 7284,1,True,2026-04-24 02:38:19,52.0
484,Valentina,Díaz,CUIT,30-92720444-6,valentina.díaz484@ejemplo.com,+54 9 11 9740 2286,2,True,2025-11-30 07:43:50,731.0
485,José,Fernández,DNI,40573736,josé.fernández485@ejemplo.com,+54 9 11 8625 8709,1,True,2025-11-30 20:54:17,785.0
486,Lucía,Martínez,CE,CE7577959,lucía.martínez486@ejemplo.com,+54 9 11 6320 8426,2,True,2026-02-03 19:37:20,339.0
487,José,Fernández,DNI,33584794,josé.fernández487@ejemplo.com,+54 9 11 6711 3087,3,True,2025-09-05 03:41:52,290.0
488,Valentina,Rodríguez,CE,CE2189907,valentina.rodríguez488@ejemplo.com,+54 9 11 7773 4908,3,True,2025-12-05 01:06:37,605.0
489,Lucía,Fernández,RUC,170931315,lucía.fernández489@ejemplo.com,+54 9 11 8063 8132,3,False,2025-11-15 11:43:18,606.0
490,Juan,Pérez,DNI,48533123,juan.pérez490@ejemplo.com,+54 9 11 6330 2599,2,True,2025-09-01 14:58:24,475.0
491,Camila,Díaz,DNI,17297728,camila.díaz491@ejemplo.com,+54 9 11 6364 9098,3,True,2025-05-22 22:46:10,389.0
492,José,López,CUIT,20-29693143-3,josé.lópez492@ejemplo.com,+54 9 11 8326 4205,1,False,2025-09-19 01:17:38,631.0
493,Camila,Martínez,RUC,870722451,camila.martínez493@ejemplo.com,+54 9 11 9362 7622,1,False,2025-11-13 15:59:02,627.0
494,María,Gómez,DNI,10056593,maría.gómez494@ejemplo.com,+54 9 11 5623 1510,1,False,2025-05-13 00:43:40,113.0
495,Valentina,Gómez,RUC,535974242,valentina.gómez495@ejemplo.com,+54 9 11 3841 8780,1,True,2025-10-25 05:01:49,679.0
496,Valentina,Gómez,RUC,265643247,valentina.gómez496@ejemplo.com,+54 9 11 2175 1257,1,False,2025-12-11 21:27:54,12.0
497,Valentina,Pérez,DNI,19208696,valentina.pérez497@ejemplo.com,+54 9 11 7974 3945,2,False,2025-06-14 04:40:33,916.0
498,Mateo,Díaz,CE,CE4787304,mateo.díaz498@ejemplo.com,+54 9 11 9161 4878,3,False,2026-02-02 04:58:02,592.0
499,Valentina,Gómez,DNI,12541079,valentina.gómez499@ejemplo.com,+54 9 11 8889 2311,1,False,2025-07-22 02:50:39,116.0
500,Mateo,Rodríguez,DNI,26457194,mateo.rodríguez500@ejemplo.com,+54 9 11 2279 9834,3,False,2025-09-08 21:48:20,984.0
501,María,Gómez,DNI,41465253,maría.gómez501@ejemplo.com,+54 9 11 6431 7897,2,False,2025-09-18 01:38:32,588.0
502,Camila,Pérez,DNI,30405848,camila.pérez502@ejemplo.com,+54 9 11 3770 1845,3,False,2025-07-24 10:32:22,485.0
503,María,Martínez,RUC,188594622,maría.martínez503@ejemplo.com,+54 9 11 5552 5129,1,False,2026-03-05 02:31:08,803.0
504,Camila,Martínez,DNI,17485953,camila.martínez504@ejemplo.com,+54 9 11 3476 8317,2,True,2025-07-03 12:37:25,757.0
505,Camila,López,RUC,294142387,camila.lópez505@ejemplo.com,+54 9 11 3376 3525,2,False,2025-08-11 17:14:57,991.0
506,Valentina,López,RUC,879535586,valentina.lópez506@ejemplo.com,+54 9 11 6653 1890,3,False,2025-06-16 13:22:26,752.0
507,José,González,CUIT,30-63518621-8,josé.gonzález507@ejemplo.com,+54 9 11 9724 4828,2,False,2025-12-05 02:48:14,945.0
508,Mateo,Martínez,CUIT,30-11592230-5,mateo.martínez508@ejemplo.com,+54 9 11 9687 1672,1,False,2025-09-21 05:52:42,985.0
509,Valentina,Martínez,CE,CE5535319,valentina.martínez509@ejemplo.com,+54 9 11 7408 8554,3,True,2025-12-23 15:19:21,599.0
510,Juan,Gómez,CUIT,27-83499313-1,juan.gómez510@ejemplo.com,+54 9 11 7737 2600,3,True,2025-05-29 17:42:58,13.0
511,Mateo,Gómez,CUIT,27-43808923-4,mateo.gómez511@ejemplo.com,+54 9 11 4552 2995,3,True,2026-04-21 17:56:57,59.0
512,José,Pérez,RUC,804798365,josé.pérez512@ejemplo.com,+54 9 11 2816 4018,2,False,2025-06-10 23:44:51,918.0
513,Mateo,Rodríguez,RUC,396764585,mateo.rodríguez513@ejemplo.com,+54 9 11 6298 5216,1,True,2025-10-01 19:38:20,789.0
514,Camila,González,RUC,517245798,camila.gonzález514@ejemplo.com,+54 9 11 3915 8218,1,False,2025-11-19 17:19:10,272.0
515,Juan,Díaz,CUIT,30-24553291-3,juan.díaz515@ejemplo.com,+54 9 11 2740 8234,3,False,2025-08-05 05:22:23,659.0
516,José,González,DNI,14725291,josé.gonzález516@ejemplo.com,+54 9 11 1307 9154,1,True,2025-07-19 19:19:13,457.0
517,María,Díaz,CE,CE3543551,maría.díaz517@ejemplo.com,+54 9 11 1060 9444,3,False,2025-05-15 07:38:37,589.0
518,Mateo,Díaz,RUC,881434315,mateo.díaz518@ejemplo.com,+54 9 11 8898 2985,3,False,2026-04-03 01:22:02,394.0
519,Santiago,Martínez,RUC,159264825,santiago.martínez519@ejemplo.com,+54 9 11 6571 2318,2,False,2025-06-18 22:30:39,548.0
520,Juan,Pérez,DNI,35780787,juan.pérez520@ejemplo.com,+54 9 11 2749 6886,2,True,2025-06-04 12:16:18,400.0
521,Mateo,López,CUIT,20-35916466-1,mateo.lópez521@ejemplo.com,+54 9 11 9856 6041,2,False,2025-07-09 11:04:38,65.0
522,María,González,CE,CE1940437,maría.gonzález522@ejemplo.com,+54 9 11 4468 9570,2,True,2025-11-16 19:33:37,122.0
523,Juan,Rodríguez,DNI,19501975,juan.rodríguez523@ejemplo.com,+54 9 11 1750 4976,3,True,2025-08-30 22:34:32,929.0
524,María,Pérez,DNI,30625059,maría.pérez524@ejemplo.com,+54 9 11 2047 2742,1,False,2026-03-20 03:56:52,856.0
525,Juan,Rodríguez,CUIT,30-55277425-7,juan.rodríguez525@ejemplo.com,+54 9 11 3250 6268,1,True,2025-11-23 14:52:26,559.0
526,Lucía,Gómez,DNI,18103092,lucía.gómez526@ejemplo.com,+54 9 11 7060 3703,2,True,2025-12-19 13:47:36,173.0
527,María,Pérez,DNI,35241727,maría.pérez527@ejemplo.com,+54 9 11 1104 1118,1,True,2026-02-17 17:39:31,83.0
528,Camila,Díaz,RUC,843414103,camila.díaz528@ejemplo.com,+54 9 11 9570 8379,2,True,2026-03-05 12:26:22,278.0
529,Lucía,González,CUIT,30-92147935-2,lucía.gonzález529@ejemplo.com,+54 9 11 4860 4144,1,True,2025-06-21 09:13:36,5.0
530,Santiago,López,RUC,927136912,santiago.lópez530@ejemplo.com,+54 9 11 4173 2846,1,False,2025-06-21 21:22:45,55.0
531,Mateo,Pérez,CUIT,20-17251463-6,mateo.pérez531@ejemplo.com,+54 9 11 8424 1709,1,True,2025-12-14 12:08:46,343.0
532,Lucía,Pérez,DNI,42551919,lucía.pérez532@ejemplo.com,+54 9 11 8287 6340,2,True,2025-08-18 15:31:05,241.0
533,Santiago,López,DNI,31886363,santiago.lópez533@ejemplo.com,+54 9 11 4276 7152,1,True,2026-01-12 15:20:15,423.0
534,Mateo,Fernández,DNI,39250409,mateo.fernández534@ejemplo.com,+54 9 11 3917 7346,2,True,2026-02-23 11:36:23,466.0
535,Mateo,López,CE,CE5524723,mateo.lópez535@ejemplo.com,+54 9 11 1977 5597,1,True,2026-01-25 08:28:00,709.0
536,Mateo,Fernández,RUC,283826012,mateo.fernández536@ejemplo.com,+54 9 11 3568 3784,3,True,2025-11-14 10:39:44,619.0
537,José,Díaz,RUC,332403478,josé.díaz537@ejemplo.com,+54 9 11 1237 8014,3,True,2025-07-10 02:42:33,286.0
538,Juan,Gómez,RUC,722197986,juan.gómez538@ejemplo.com,+54 9 11 1083 7844,1,True,2026-01-15 00:26:04,588.0
539,Mateo,González,RUC,670287614,mateo.gonzález539@ejemplo.com,+54 9 11 2605 8412,2,True,2025-10-19 02:44:11,714.0
540,José,González,RUC,334082685,josé.gonzález540@ejemplo.com,+54 9 11 2486 1260,2,False,2026-03-02 07:17:47,664.0
541,Lucía,Fernández,DNI,40523849,lucía.fernández541@ejemplo.com,+54 9 11 4030 7068,3,False,2025-09-13 13:40:17,416.0
542,María,Rodríguez,RUC,841687850,maría.rodríguez542@ejemplo.com,+54 9 11 5420 9887,3,True,2025-11-19 02:33:44,437.0
543,José,Gómez,DNI,44543380,josé.gómez543@ejemplo.com,+54 9 11 7274 6989,2,True,2025-05-28 06:39:59,114.0
544,Santiago,Gómez,CUIT,20-85263692-4,santiago.gómez544@ejemplo.com,+54 9 11 8839 4437,3,True,2026-02-27 08:20:28,117.0
545,Santiago,Gómez,CE,CE9448435,santiago.gómez545@ejemplo.com,+54 9 11 7108 6656,2,False,2025-05-25 05:18:59,65.0
546,José,Fernández,CE,CE8582938,josé.fernández546@ejemplo.com,+54 9 11 2075 4085,2,True,2025-06-25 06:44:19,969.0
547,José,Díaz,CUIT,27-20327693-2,josé.díaz547@ejemplo.com,+54 9 11 9131 3465,1,True,2026-02-13 10:28:18,152.0
548,Camila,Díaz,CUIT,30-56533319-7,camila.díaz548@ejemplo.com,+54 9 11 4097 2031,1,True,2025-09-22 18:55:01,299.0
549,Santiago,Díaz,CE,CE6474513,santiago.díaz549@ejemplo.com,+54 9 11 9986 8295,2,False,2025-09-01 23:53:18,543.0
550,Lucía,Martínez,CUIT,27-40438156-8,lucía.martínez550@ejemplo.com,+54 9 11 3430 6785,2,False,2025-10-30 08:46:08,49.0
551,Lucía,Pérez,CE,CE4058159,lucía.pérez551@ejemplo.com,+54 9 11 3514 3641,1,True,2026-02-07 19:51:05,683.0
552,María,Gómez,CUIT,30-44951262-6,maría.gómez552@ejemplo.com,+54 9 11 6192 6633,1,False,2026-02-03 12:00:17,36.0
553,Mateo,Pérez,CE,CE3038264,mateo.pérez553@ejemplo.com,+54 9 11 3381 8504,2,True,2026-04-26 05:36:31,787.0
554,María,Gómez,CE,CE8950901,maría.gómez554@ejemplo.com,+54 9 11 8243 6549,3,True,2025-12-10 23:53:53,819.0
555,Mateo,González,CUIT,20-51350093-1,mateo.gonzález555@ejemplo.com,+54 9 11 6855 2515,2,True,2025-10-14 22:42:48,457.0
556,Juan,López,CE,CE4283564,juan.lópez556@ejemplo.com,+54 9 11 2431 9385,2,True,2026-04-27 16:01:08,457.0
557,Mateo,Gómez,DNI,34230653,mateo.gómez557@ejemplo.com,+54 9 11 7056 7326,2,True,2025-10-17 13:50:08,438.0
558,Camila,Gómez,CE,CE6168814,camila.gómez558@ejemplo.com,+54 9 11 8278 7809,2,False,2025-09-22 01:30:49,746.0
559,Lucía,Díaz,RUC,249859658,lucía.díaz559@ejemplo.com,+54 9 11 5968 8776,3,False,2025-07-11 23:30:53,213.0
560,José,Díaz,DNI,10444184,josé.díaz560@ejemplo.com,+54 9 11 3865 8571,3,True,2025-10-10 21:37:45,425.0
561,Juan,Pérez,RUC,410808710,juan.pérez561@ejemplo.com,+54 9 11 5947 5979,2,False,2025-07-29 03:33:10,847.0
562,Juan,González,DNI,20336373,juan.gonzález562@ejemplo.com,+54 9 11 8742 3034,3,False,2025-12-25 08:55:09,652.0
563,Valentina,Pérez,RUC,838565998,valentina.pérez563@ejemplo.com,+54 9 11 5541 9078,1,False,2025-06-12 11:34:55,784.0
564,Mateo,Díaz,CE,CE8986637,mateo.díaz564@ejemplo.com,+54 9 11 1287 5252,1,True,2025-05-18 15:12:30,751.0
565,Lucía,Gómez,RUC,844407003,lucía.gómez565@ejemplo.com,+54 9 11 6917 7873,3,False,2026-02-28 07:25:59,280.0
566,María,Martínez,CE,CE9885420,maría.martínez566@ejemplo.com,+54 9 11 4002 2548,3,True,2025-06-15 16:03:50,785.0
567,Santiago,Gómez,CE,CE5554325,santiago.gómez567@ejemplo.com,+54 9 11 9755 6761,1,True,2025-05-22 19:51:39,99.0
568,Lucía,Martínez,CE,CE9135255,lucía.martínez568@ejemplo.com,+54 9 11 2678 4569,1,True,2025-10-10 07:37:04,167.0
569,Juan,Rodríguez,RUC,594448830,juan.rodríguez569@ejemplo.com,+54 9 11 1284 8856,2,False,2026-03-30 14:43:54,946.0
570,Santiago,Pérez,RUC,741720343,santiago.pérez570@ejemplo.com,+54 9 11 1471 2943,1,True,2025-08-14 08:24:17,312.0
571,Lucía,López,CE,CE3102926,lucía.lópez571@ejemplo.com,+54 9 11 2830 2273,1,False,2026-01-21 14:30:35,708.0
572,Valentina,González,CUIT,20-14401363-9,valentina.gonzález572@ejemplo.com,+54 9 11 5145 1709,1,False,2025-07-09 17:05:55,931.0
573,María,Rodríguez,DNI,23784240,maría.rodríguez573@ejemplo.com,+54 9 11 1479 2487,1,False,2025-07-12 12:24:20,360.0
574,Santiago,Gómez,CUIT,23-77767769-2,santiago.gómez574@ejemplo.com,+54 9 11 4555 4138,2,True,2026-03-18 23:48:02,542.0
575,María,Rodríguez,CUIT,30-59185834-3,maría.rodríguez575@ejemplo.com,+54 9 11 6813 7219,2,True,2025-09-24 21:29:51,855.0
576,Juan,Díaz,DNI,31090992,juan.díaz576@ejemplo.com,+54 9 11 9123 6918,3,False,2026-03-06 04:28:29,140.0
577,María,Rodríguez,CE,CE9283126,maría.rodríguez577@ejemplo.com,+54 9 11 6111 8273,1,False,2026-03-10 06:17:33,615.0
578,Camila,Díaz,CUIT,20-73844258-6,camila.díaz578@ejemplo.com,+54 9 11 2723 7494,2,True,2026-02-06 17:52:31,689.0
579,José,Pérez,RUC,530167052,josé.pérez579@ejemplo.com,+54 9 11 3764 2060,2,True,2025-05-18 00:29:15,948.0
580,Santiago,López,RUC,231814874,santiago.lópez580@ejemplo.com,+54 9 11 5472 7557,2,False,2026-01-09 04:49:31,286.0
581,Valentina,Fernández,CE,CE3472527,valentina.fernández581@ejemplo.com,+54 9 11 9147 4781,3,True,2025-09-18 15:28:46,502.0
582,María,Rodríguez,DNI,14578748,maría.rodríguez582@ejemplo.com,+54 9 11 6356 3502,2,True,2025-08-25 21:34:51,392.0
583,José,Fernández,RUC,316822569,josé.fernández583@ejemplo.com,+54 9 11 5287 9887,2,True,2025-12-08 21:04:31,517.0
584,María,Díaz,DNI,35744965,maría.díaz584@ejemplo.com,+54 9 11 8531 1589,1,True,2025-09-20 07:41:38,454.0
585,Camila,Pérez,RUC,562440328,camila.pérez585@ejemplo.com,+54 9 11 2792 9037,3,False,2026-03-01 08:50:38,500.0
586,Mateo,Pérez,DNI,36265390,mateo.pérez586@ejemplo.com,+54 9 11 6779 5660,2,True,2025-12-25 02:58:38,632.0
587,María,González,CUIT,27-56825449-1,maría.gonzález587@ejemplo.com,+54 9 11 6654 6855,2,False,2025-06-22 08:11:56,439.0
588,María,López,CUIT,23-96984204-5,maría.lópez588@ejemplo.com,+54 9 11 5995 2875,2,True,2025-07-09 15:37:18,68.0
589,María,Gómez,DNI,40931105,maría.gómez589@ejemplo.com,+54 9 11 7900 5368,1,False,2025-06-06 04:59:30,924.0
590,María,Gómez,RUC,712412455,maría.gómez590@ejemplo.com,+54 9 11 9001 2639,3,True,2025-10-21 07:59:56,828.0
591,Santiago,Fernández,CE,CE3795540,santiago.fernández591@ejemplo.com,+54 9 11 9142 2234,3,True,2025-06-28 09:12:35,207.0
592,Camila,Martínez,DNI,29952825,camila.martínez592@ejemplo.com,+54 9 11 2506 2552,3,False,2025-07-19 05:44:48,640.0
593,Camila,Rodríguez,RUC,558601461,camila.rodríguez593@ejemplo.com,+54 9 11 5945 9268,2,False,2026-01-21 06:45:58,668.0
594,Santiago,López,RUC,531967365,santiago.lópez594@ejemplo.com,+54 9 11 9971 3958,1,True,2025-12-30 23:03:33,688.0
595,Mateo,López,RUC,387694035,mateo.lópez595@ejemplo.com,+54 9 11 8106 1981,3,True,2025-06-16 00:44:23,874.0
596,Santiago,Fernández,CUIT,23-30196097-5,santiago.fernández596@ejemplo.com,+54 9 11 2055 4335,2,False,2025-09-28 05:15:07,851.0
597,Camila,Pérez,CE,CE4961601,camila.pérez597@ejemplo.com,+54 9 11 1453 5023,2,False,2025-10-13 11:28:53,197.0
598,Mateo,Díaz,RUC,794627259,mateo.díaz598@ejemplo.com,+54 9 11 1477 5233,2,True,2026-04-20 12:25:45,140.0
599,María,Fernández,DNI,13712950,maría.fernández599@ejemplo.com,+54 9 11 2041 7668,2,True,2026-03-27 07:57:43,888.0
600,Valentina,Pérez,CUIT,20-86634749-9,valentina.pérez600@ejemplo.com,+54 9 11 9605 5125,2,True,2026-03-08 01:53:09,595.0
601,Juan,Rodríguez,CE,CE6524500,juan.rodríguez601@ejemplo.com,+54 9 11 4865 7928,1,True,2025-07-12 19:11:11,767.0
602,José,Pérez,CUIT,27-68985391-7,josé.pérez602@ejemplo.com,+54 9 11 7139 2850,2,False,2025-12-29 00:32:31,547.0
603,Mateo,López,CE,CE3431212,mateo.lópez603@ejemplo.com,+54 9 11 6049 1345,3,True,2025-11-04 02:50:39,842.0
604,María,López,CE,CE7454030,maría.lópez604@ejemplo.com,+54 9 11 2999 9763,1,False,2025-11-30 21:51:39,925.0
605,Valentina,González,RUC,374377213,valentina.gonzález605@ejemplo.com,+54 9 11 4857 5872,1,True,2025-12-05 15:36:10,775.0
606,Mateo,Gómez,RUC,947523110,mateo.gómez606@ejemplo.com,+54 9 11 9055 8718,3,False,2026-04-21 09:40:57,843.0
607,Santiago,Díaz,DNI,20760459,santiago.díaz607@ejemplo.com,+54 9 11 7895 9973,3,False,2025-05-16 10:03:58,361.0
608,Mateo,González,DNI,22330557,mateo.gonzález608@ejemplo.com,+54 9 11 1050 7564,1,False,2025-06-20 03:45:21,140.0
609,Santiago,Rodríguez,DNI,20591284,santiago.rodríguez609@ejemplo.com,+54 9 11 3131 7722,2,False,2026-01-01 01:50:13,851.0
610,Mateo,Pérez,CE,CE3910495,mateo.pérez610@ejemplo.com,+54 9 11 5616 4254,1,False,2025-05-21 23:43:42,819.0
611,Santiago,Pérez,RUC,505144293,santiago.pérez611@ejemplo.com,+54 9 11 4747 2457,2,True,2025-07-20 11:35:01,946.0
612,Camila,Pérez,DNI,36912997,camila.pérez612@ejemplo.com,+54 9 11 2459 7028,1,True,2025-06-26 04:57:46,153.0
613,María,Díaz,RUC,988260922,maría.díaz613@ejemplo.com,+54 9 11 4328 4121,2,False,2025-05-29 03:28:48,731.0
614,Mateo,Díaz,CUIT,30-37730181-4,mateo.díaz614@ejemplo.com,+54 9 11 3955 7693,1,True,2025-12-14 18:52:50,429.0
615,Camila,Martínez,CUIT,30-43328672-6,camila.martínez615@ejemplo.com,+54 9 11 1169 8682,1,False,2025-07-13 20:54:33,88.0
616,Valentina,López,RUC,860695792,valentina.lópez616@ejemplo.com,+54 9 11 2561 1962,1,False,2025-10-03 18:57:46,75.0
617,Juan,Fernández,CE,CE1763562,juan.fernández617@ejemplo.com,+54 9 11 5956 7466,3,False,2026-05-06 10:03:23,391.0
618,Lucía,González,CUIT,27-32799095-9,lucía.gonzález618@ejemplo.com,+54 9 11 2468 6198,3,False,2025-08-29 07:39:33,136.0
619,Lucía,Martínez,DNI,31023167,lucía.martínez619@ejemplo.com,+54 9 11 5603 6907,2,False,2026-04-16 14:04:07,997.0
620,Camila,Martínez,CE,CE8311097,camila.martínez620@ejemplo.com,+54 9 11 3478 8208,1,True,2026-02-13 07:48:31,783.0
621,Lucía,González,CUIT,23-14813349-8,lucía.gonzález621@ejemplo.com,+54 9 11 2900 9108,1,False,2025-12-26 12:50:33,447.0
622,Santiago,Fernández,RUC,629342426,santiago.fernández622@ejemplo.com,+54 9 11 6727 2533,1,False,2026-03-11 18:40:53,127.0
623,Lucía,Pérez,CE,CE4563416,lucía.pérez623@ejemplo.com,+54 9 11 3958 7822,1,True,2025-07-14 18:02:13,585.0
624,Mateo,Rodríguez,CE,CE1435572,mateo.rodríguez624@ejemplo.com,+54 9 11 7120 2737,2,True,2025-12-13 20:52:55,404.0
625,María,Rodríguez,RUC,991956502,maría.rodríguez625@ejemplo.com,+54 9 11 5412 1095,2,True,2025-05-10 21:05:33,644.0
626,Mateo,Gómez,CUIT,23-16534020-5,mateo.gómez626@ejemplo.com,+54 9 11 7248 2516,2,False,2025-11-24 16:48:58,561.0
627,Lucía,López,RUC,195765217,lucía.lópez627@ejemplo.com,+54 9 11 7592 5668,3,True,2026-04-28 12:25:38,799.0
628,José,Martínez,RUC,960175026,josé.martínez628@ejemplo.com,+54 9 11 3151 6882,3,True,2025-09-28 18:44:04,318.0
629,Santiago,López,RUC,578290147,santiago.lópez629@ejemplo.com,+54 9 11 7931 2478,2,False,2025-10-22 03:18:26,615.0
630,Lucía,Díaz,RUC,199801582,lucía.díaz630@ejemplo.com,+54 9 11 4673 3540,2,True,2026-04-18 02:14:33,693.0
631,Camila,Fernández,RUC,185022239,camila.fernández631@ejemplo.com,+54 9 11 5921 5073,3,False,2025-09-06 09:26:54,701.0
632,Camila,González,DNI,13026267,camila.gonzález632@ejemplo.com,+54 9 11 2548 8612,3,False,2025-08-19 15:03:35,423.0
633,Santiago,Martínez,DNI,43785593,santiago.martínez633@ejemplo.com,+54 9 11 3941 3985,2,True,2026-04-30 14:48:20,474.0
634,José,Díaz,CE,CE6267145,josé.díaz634@ejemplo.com,+54 9 11 8371 5342,2,True,2025-07-11 19:06:14,687.0
635,Juan,Pérez,DNI,27402514,juan.pérez635@ejemplo.com,+54 9 11 1095 7470,1,True,2025-05-29 15:08:28,19.0
636,Lucía,Fernández,RUC,842821285,lucía.fernández636@ejemplo.com,+54 9 11 8974 5961,3,False,2025-10-12 20:48:24,744.0
637,Valentina,Martínez,DNI,18394613,valentina.martínez637@ejemplo.com,+54 9 11 1260 4083,1,True,2026-02-28 18:23:55,836.0
638,Mateo,Pérez,CUIT,30-94028236-9,mateo.pérez638@ejemplo.com,+54 9 11 3427 8765,2,True,2026-01-31 16:16:13,475.0
639,José,Pérez,CUIT,30-75101884-8,josé.pérez639@ejemplo.com,+54 9 11 5830 7418,1,False,2026-04-28 03:58:47,207.0
640,María,Rodríguez,RUC,546339338,maría.rodríguez640@ejemplo.com,+54 9 11 5764 1606,2,False,2025-08-27 18:58:24,749.0
641,Mateo,Fernández,CUIT,20-80908408-1,mateo.fernández641@ejemplo.com,+54 9 11 5388 7834,2,True,2025-10-04 00:15:27,66.0
642,Mateo,Gómez,RUC,848950428,mateo.gómez642@ejemplo.com,+54 9 11 4149 8688,2,False,2025-09-27 18:25:44,744.0
643,Juan,López,CE,CE8859576,juan.lópez643@ejemplo.com,+54 9 11 7829 6902,2,True,2026-03-02 08:49:17,400.0
644,Juan,Martínez,DNI,42406183,juan.martínez644@ejemplo.com,+54 9 11 9063 2653,2,False,2026-03-03 13:23:52,621.0
645,Camila,López,CUIT,20-12433447-6,camila.lópez645@ejemplo.com,+54 9 11 9248 1523,1,False,2025-12-26 06:52:52,179.0
646,Valentina,Rodríguez,CUIT,20-85427873-4,valentina.rodríguez646@ejemplo.com,+54 9 11 1764 5382,1,True,2025-09-01 10:14:12,364.0
647,María,Fernández,RUC,911495781,maría.fernández647@ejemplo.com,+54 9 11 2669 1687,3,True,2026-03-13 14:45:23,625.0
648,Lucía,Rodríguez,CUIT,27-31076551-5,lucía.rodríguez648@ejemplo.com,+54 9 11 2626 3527,3,False,2025-05-11 03:47:30,511.0
649,Santiago,Pérez,DNI,23548630,santiago.pérez649@ejemplo.com,+54 9 11 5019 8760,2,False,2025-09-26 04:46:13,7.0
650,Lucía,Rodríguez,CE,CE7248445,lucía.rodríguez650@ejemplo.com,+54 9 11 3483 9677,2,True,2025-10-08 06:55:20,252.0
651,Lucía,Díaz,RUC,539492534,lucía.díaz651@ejemplo.com,+54 9 11 1487 8251,1,True,2025-09-16 01:45:19,371.0
652,José,Rodríguez,CE,CE6281544,josé.rodríguez652@ejemplo.com,+54 9 11 1607 3473,3,True,2025-10-15 13:08:59,403.0
653,Camila,Díaz,RUC,831079302,camila.díaz653@ejemplo.com,+54 9 11 6139 6638,1,False,2025-05-15 00:40:43,739.0
654,Lucía,Díaz,RUC,791360184,lucía.díaz654@ejemplo.com,+54 9 11 8244 6656,3,False,2026-01-23 00:56:12,634.0
655,Juan,Martínez,DNI,12481026,juan.martínez655@ejemplo.com,+54 9 11 3064 9527,3,False,2025-08-06 08:11:16,737.0
656,Juan,Rodríguez,CE,CE9746564,juan.rodríguez656@ejemplo.com,+54 9 11 9846 5238,1,False,2025-11-14 22:26:01,29.0
657,Valentina,Rodríguez,DNI,35030188,valentina.rodríguez657@ejemplo.com,+54 9 11 1782 3043,2,False,2025-12-26 22:03:40,127.0
658,María,Fernández,CE,CE4961055,maría.fernández658@ejemplo.com,+54 9 11 9737 4831,2,False,2025-07-14 23:50:05,961.0
659,Camila,Pérez,RUC,657987812,camila.pérez659@ejemplo.com,+54 9 11 4154 6919,2,True,2026-01-02 15:15:29,597.0
660,Lucía,Díaz,RUC,187990100,lucía.díaz660@ejemplo.com,+54 9 11 8802 4519,2,True,2026-03-22 17:08:06,134.0
661,Santiago,Díaz,RUC,383138961,santiago.díaz661@ejemplo.com,+54 9 11 9020 7830,1,True,2025-07-13 02:55:35,451.0
662,Lucía,Fernández,RUC,238926282,lucía.fernández662@ejemplo.com,+54 9 11 4483 8461,2,True,2025-05-13 01:40:29,121.0
663,Lucía,Gómez,DNI,37422014,lucía.gómez663@ejemplo.com,+54 9 11 1659 9565,1,True,2026-03-13 15:12:26,297.0
664,Santiago,Martínez,CE,CE6087859,santiago.martínez664@ejemplo.com,+54 9 11 3328 7910,1,False,2025-12-09 03:34:12,147.0
665,Camila,López,CUIT,30-10279945-2,camila.lópez665@ejemplo.com,+54 9 11 7841 8883,3,False,2025-08-01 07:31:07,46.0
666,Mateo,Gómez,RUC,610271691,mateo.gómez666@ejemplo.com,+54 9 11 8551 8371,3,False,2025-07-02 13:47:54,517.0
667,Lucía,Gómez,DNI,37489691,lucía.gómez667@ejemplo.com,+54 9 11 9863 1750,3,False,2025-10-22 10:38:37,348.0
668,Camila,Rodríguez,CUIT,20-86771841-5,camila.rodríguez668@ejemplo.com,+54 9 11 2395 4152,3,True,2025-07-24 22:28:21,573.0
669,Juan,Fernández,DNI,18072067,juan.fernández669@ejemplo.com,+54 9 11 4371 5018,3,False,2025-06-05 01:25:01,282.0
670,José,Gómez,RUC,732319072,josé.gómez670@ejemplo.com,+54 9 11 6569 8160,1,False,2026-04-15 02:40:03,24.0
671,María,Gómez,RUC,376142554,maría.gómez671@ejemplo.com,+54 9 11 5675 3359,1,False,2026-03-23 15:29:28,173.0
672,José,Pérez,CE,CE7832964,josé.pérez672@ejemplo.com,+54 9 11 6329 3973,1,True,2025-05-26 13:32:23,985.0
673,Camila,Díaz,DNI,31477619,camila.díaz673@ejemplo.com,+54 9 11 7152 2981,1,True,2026-02-25 04:38:42,265.0
674,Juan,López,RUC,646127934,juan.lópez674@ejemplo.com,+54 9 11 6215 8615,3,False,2025-08-23 06:28:45,63.0
675,José,Fernández,DNI,37346445,josé.fernández675@ejemplo.com,+54 9 11 5409 2663,1,True,2025-06-18 10:37:06,20.0
676,Camila,Díaz,RUC,190095909,camila.díaz676@ejemplo.com,+54 9 11 3332 7116,3,True,2025-06-17 02:22:12,992.0
677,Juan,Díaz,RUC,144873906,juan.díaz677@ejemplo.com,+54 9 11 3742 1008,1,False,2026-05-08 03:42:23,297.0
678,Camila,Martínez,RUC,477332115,camila.martínez678@ejemplo.com,+54 9 11 5609 1745,1,True,2025-06-19 11:58:09,523.0
679,Camila,Rodríguez,RUC,849932764,camila.rodríguez679@ejemplo.com,+54 9 11 8077 4454,3,False,2026-03-07 13:49:27,287.0
680,Santiago,Martínez,RUC,393145630,santiago.martínez680@ejemplo.com,+54 9 11 8533 6381,1,True,2026-01-02 21:15:41,216.0
681,María,Fernández,DNI,10642809,maría.fernández681@ejemplo.com,+54 9 11 9011 7435,3,True,2025-05-29 13:09:27,917.0
682,José,González,RUC,821818558,josé.gonzález682@ejemplo.com,+54 9 11 6864 7336,1,True,2026-03-06 06:43:38,848.0
683,José,Fernández,CE,CE4237849,josé.fernández683@ejemplo.com,+54 9 11 5606 6862,1,True,2025-09-23 18:21:15,21.0
684,Camila,López,CUIT,30-58720925-1,camila.lópez684@ejemplo.com,+54 9 11 4425 1116,1,False,2025-12-16 02:38:17,724.0
685,José,Martínez,RUC,283048386,josé.martínez685@ejemplo.com,+54 9 11 3875 2070,3,True,2025-07-30 11:53:15,580.0
686,José,Pérez,CE,CE4824620,josé.pérez686@ejemplo.com,+54 9 11 1378 9731,3,False,2025-08-13 18:45:45,197.0
687,Mateo,González,RUC,788232308,mateo.gonzález687@ejemplo.com,+54 9 11 6292 8086,2,False,2025-05-28 22:32:08,962.0
688,José,Fernández,RUC,488127434,josé.fernández688@ejemplo.com,+54 9 11 1769 5553,2,False,2025-08-17 16:39:16,230.0
689,Santiago,González,RUC,308958898,santiago.gonzález689@ejemplo.com,+54 9 11 1415 4696,3,False,2025-11-18 15:39:26,828.0
690,José,López,CUIT,23-54187782-5,josé.lópez690@ejemplo.com,+54 9 11 8863 8077,1,False,2026-04-05 21:55:56,29.0
691,Camila,López,DNI,41781182,camila.lópez691@ejemplo.com,+54 9 11 6465 9514,1,True,2026-01-06 07:42:59,842.0
692,Mateo,Rodríguez,RUC,721626156,mateo.rodríguez692@ejemplo.com,+54 9 11 7183 6132,3,True,2026-03-06 16:32:04,35.0
693,Lucía,González,RUC,158829061,lucía.gonzález693@ejemplo.com,+54 9 11 2668 1914,3,True,2025-12-04 22:55:35,68.0
694,Camila,Díaz,RUC,202896950,camila.díaz694@ejemplo.com,+54 9 11 1173 8428,2,False,2025-06-26 05:21:07,614.0
695,Valentina,Rodríguez,CE,CE1435739,valentina.rodríguez695@ejemplo.com,+54 9 11 2769 2682,1,True,2025-09-18 02:14:25,198.0
696,Juan,Pérez,CE,CE6962475,juan.pérez696@ejemplo.com,+54 9 11 4046 4983,1,True,2025-10-05 02:49:23,456.0
697,María,Pérez,CE,CE8312318,maría.pérez697@ejemplo.com,+54 9 11 9866 3385,1,False,2025-08-18 21:47:40,319.0
698,Camila,Gómez,CE,CE7187940,camila.gómez698@ejemplo.com,+54 9 11 3369 1939,1,True,2026-05-04 01:58:20,695.0
699,Valentina,Gómez,CUIT,23-95973808-4,valentina.gómez699@ejemplo.com,+54 9 11 8657 6425,3,False,2026-04-03 08:23:20,488.0
700,Camila,Díaz,CE,CE3722606,camila.díaz700@ejemplo.com,+54 9 11 1691 9125,1,True,2026-03-16 03:39:12,933.0
701,Juan,López,RUC,769929016,juan.lópez701@ejemplo.com,+54 9 11 6431 7158,1,False,2026-01-19 11:05:15,787.0
702,Lucía,González,CE,CE1165961,lucía.gonzález702@ejemplo.com,+54 9 11 3333 5760,2,True,2026-04-01 07:34:27,118.0
703,Santiago,González,DNI,23362909,santiago.gonzález703@ejemplo.com,+54 9 11 5292 3855,2,True,2026-01-27 09:24:48,907.0
704,Lucía,López,DNI,21816355,lucía.lópez704@ejemplo.com,+54 9 11 3248 7208,3,True,2025-12-25 15:34:09,694.0
705,Santiago,López,CE,CE8653827,santiago.lópez705@ejemplo.com,+54 9 11 3807 9633,3,False,2026-01-06 06:44:39,677.0
706,José,Rodríguez,CUIT,23-35453201-4,josé.rodríguez706@ejemplo.com,+54 9 11 8037 5006,1,True,2025-08-09 05:51:39,326.0
707,Camila,Pérez,CE,CE5146852,camila.pérez707@ejemplo.com,+54 9 11 3071 9327,3,False,2026-04-10 21:45:45,894.0
708,Juan,Rodríguez,RUC,949326796,juan.rodríguez708@ejemplo.com,+54 9 11 7358 9342,2,False,2025-06-02 23:31:52,521.0
709,Mateo,Pérez,CE,CE7272644,mateo.pérez709@ejemplo.com,+54 9 11 9106 8762,2,False,2025-08-11 20:05:17,979.0
710,María,López,CUIT,23-70677159-4,maría.lópez710@ejemplo.com,+54 9 11 7178 3575,2,False,2025-10-18 12:16:35,911.0
711,José,Pérez,DNI,29800337,josé.pérez711@ejemplo.com,+54 9 11 1674 8622,3,False,2025-09-23 02:13:48,598.0
712,Valentina,Fernández,RUC,564399416,valentina.fernández712@ejemplo.com,+54 9 11 5473 7264,1,True,2025-10-11 06:44:31,325.0
713,Mateo,López,CE,CE2273196,mateo.lópez713@ejemplo.com,+54 9 11 9401 9956,3,True,2025-11-06 16:17:09,514.0
714,Camila,López,DNI,17958298,camila.lópez714@ejemplo.com,+54 9 11 6468 4221,3,False,2026-04-02 07:33:28,206.0
715,Camila,Martínez,CE,CE4198449,camila.martínez715@ejemplo.com,+54 9 11 9898 5278,1,False,2025-05-11 23:27:08,771.0
716,Camila,Gómez,RUC,535679851,camila.gómez716@ejemplo.com,+54 9 11 9399 3445,2,True,2025-07-15 22:35:32,670.0
717,Juan,López,RUC,350958360,juan.lópez717@ejemplo.com,+54 9 11 8679 8559,2,True,2025-08-16 23:45:27,776.0
718,Santiago,López,RUC,926921933,santiago.lópez718@ejemplo.com,+54 9 11 1493 7139,1,True,2025-05-16 05:22:34,461.0
719,Camila,González,RUC,970161858,camila.gonzález719@ejemplo.com,+54 9 11 7974 7608,3,False,2025-06-05 07:14:48,430.0
720,Santiago,González,DNI,19337174,santiago.gonzález720@ejemplo.com,+54 9 11 7404 7247,1,False,2026-02-19 07:59:22,819.0
721,José,Díaz,CUIT,30-24581193-6,josé.díaz721@ejemplo.com,+54 9 11 2527 3808,1,True,2025-07-21 03:55:05,312.0
722,María,Fernández,DNI,22528695,maría.fernández722@ejemplo.com,+54 9 11 4373 4818,2,True,2026-01-27 15:37:38,291.0
723,Mateo,González,CE,CE9699518,mateo.gonzález723@ejemplo.com,+54 9 11 7731 7407,1,True,2026-05-03 13:15:07,932.0
724,Lucía,Díaz,RUC,897943460,lucía.díaz724@ejemplo.com,+54 9 11 3128 4369,2,False,2026-04-03 05:38:07,212.0
725,Mateo,Pérez,CE,CE4405319,mateo.pérez725@ejemplo.com,+54 9 11 4304 1121,1,False,2025-08-23 19:52:33,283.0
726,José,Díaz,CUIT,27-86400632-8,josé.díaz726@ejemplo.com,+54 9 11 2492 5717,3,False,2025-09-15 04:00:00,755.0
727,Santiago,Martínez,RUC,758233277,santiago.martínez727@ejemplo.com,+54 9 11 8079 8501,2,True,2026-02-08 05:20:51,922.0
728,José,Díaz,DNI,26085676,josé.díaz728@ejemplo.com,+54 9 11 5782 2093,3,True,2026-02-17 09:39:22,551.0
729,Mateo,Díaz,DNI,34745190,mateo.díaz729@ejemplo.com,+54 9 11 6341 7719,2,True,2026-03-30 15:03:13,799.0
730,Camila,López,DNI,41015535,camila.lópez730@ejemplo.com,+54 9 11 8567 7244,2,False,2026-04-25 15:55:18,692.0
731,Juan,Díaz,DNI,10720572,juan.díaz731@ejemplo.com,+54 9 11 6359 8606,2,False,2025-12-31 14:50:04,140.0
732,José,Rodríguez,CUIT,30-28824809-8,josé.rodríguez732@ejemplo.com,+54 9 11 2646 3903,2,True,2025-12-17 13:25:09,19.0
733,Valentina,Pérez,DNI,10752331,valentina.pérez733@ejemplo.com,+54 9 11 3915 4549,3,True,2025-05-27 10:26:34,367.0
734,Juan,Fernández,DNI,45089511,juan.fernández734@ejemplo.com,+54 9 11 2684 7399,3,False,2025-06-13 20:50:20,919.0
735,Mateo,González,DNI,13265832,mateo.gonzález735@ejemplo.com,+54 9 11 4908 4276,1,True,2025-10-27 11:36:47,384.0
736,Valentina,González,DNI,32623514,valentina.gonzález736@ejemplo.com,+54 9 11 2582 3750,3,True,2026-01-29 20:53:58,226.0
737,María,Díaz,DNI,31954092,maría.díaz737@ejemplo.com,+54 9 11 4393 9875,2,False,2025-11-24 00:55:50,640.0
738,José,López,CUIT,20-57858864-6,josé.lópez738@ejemplo.com,+54 9 11 1196 7376,1,False,2026-02-09 18:10:21,324.0
739,Juan,Rodríguez,CE,CE7190456,juan.rodríguez739@ejemplo.com,+54 9 11 5940 9185,1,True,2026-04-16 15:39:49,421.0
740,Camila,Rodríguez,CE,CE7519046,camila.rodríguez740@ejemplo.com,+54 9 11 6209 8899,1,False,2025-05-25 20:27:41,180.0
741,María,Fernández,RUC,648710142,maría.fernández741@ejemplo.com,+54 9 11 1217 4811,1,True,2025-06-14 19:21:30,602.0
742,Camila,López,RUC,913086431,camila.lópez742@ejemplo.com,+54 9 11 7136 9171,2,True,2026-01-03 23:30:59,141.0
743,Lucía,Díaz,CUIT,20-41952404-8,lucía.díaz743@ejemplo.com,+54 9 11 1648 9533,2,False,2025-11-21 14:18:42,660.0
744,María,López,CE,CE6750028,maría.lópez744@ejemplo.com,+54 9 11 5068 4644,3,False,2026-01-04 12:01:59,929.0
745,Santiago,Pérez,RUC,776223826,santiago.pérez745@ejemplo.com,+54 9 11 4153 1853,3,True,2026-05-05 15:40:31,72.0
746,Juan,Pérez,DNI,21655187,juan.pérez746@ejemplo.com,+54 9 11 4348 4871,3,True,2025-07-09 00:42:12,955.0
747,Valentina,Fernández,CE,CE3754127,valentina.fernández747@ejemplo.com,+54 9 11 5079 5966,2,False,2026-01-27 11:08:51,621.0
748,Juan,Martínez,RUC,185916488,juan.martínez748@ejemplo.com,+54 9 11 8231 7925,3,False,2025-11-05 06:11:52,483.0
749,Lucía,Fernández,DNI,35596616,lucía.fernández749@ejemplo.com,+54 9 11 5918 9801,1,True,2025-10-02 15:47:04,944.0
750,Camila,Díaz,RUC,428401021,camila.díaz750@ejemplo.com,+54 9 11 8878 2178,2,True,2025-09-18 09:11:27,621.0
751,Mateo,López,CUIT,23-10561104-1,mateo.lópez751@ejemplo.com,+54 9 11 7628 7812,2,False,2025-08-24 18:49:39,504.0
752,Valentina,Fernández,CE,CE2195114,valentina.fernández752@ejemplo.com,+54 9 11 3660 4182,2,False,2025-10-11 16:37:55,395.0
753,Santiago,Fernández,CE,CE1968122,santiago.fernández753@ejemplo.com,+54 9 11 5043 4970,2,True,2025-06-09 05:36:35,754.0
754,Santiago,González,CUIT,27-91260195-8,santiago.gonzález754@ejemplo.com,+54 9 11 3644 1202,1,True,2025-05-25 14:19:47,617.0
755,Valentina,Díaz,DNI,44798431,valentina.díaz755@ejemplo.com,+54 9 11 5143 5951,3,False,2026-02-01 05:25:09,438.0
756,Camila,Díaz,DNI,17333258,camila.díaz756@ejemplo.com,+54 9 11 3338 5407,3,True,2025-06-16 23:46:11,353.0
757,Valentina,Martínez,DNI,21301044,valentina.martínez757@ejemplo.com,+54 9 11 7845 9600,2,False,2025-08-30 18:29:58,793.0
758,Valentina,Pérez,CUIT,27-35018189-3,valentina.pérez758@ejemplo.com,+54 9 11 2806 8383,3,True,2026-01-27 03:24:30,972.0
759,Lucía,López,DNI,22262762,lucía.lópez759@ejemplo.com,+54 9 11 8220 2789,3,True,2026-01-30 09:38:07,419.0
760,José,Martínez,DNI,35348933,josé.martínez760@ejemplo.com,+54 9 11 4846 8829,2,True,2026-03-06 10:31:41,31.0
761,María,González,CE,CE1121243,maría.gonzález761@ejemplo.com,+54 9 11 4458 9557,1,False,2025-06-01 23:46:00,100.0
762,Camila,Fernández,RUC,912727686,camila.fernández762@ejemplo.com,+54 9 11 6620 6164,1,False,2025-11-16 23:08:41,380.0
763,Valentina,Díaz,DNI,33892717,valentina.díaz763@ejemplo.com,+54 9 11 7583 3275,1,True,2025-11-20 15:35:33,892.0
764,Camila,López,CE,CE8581927,camila.lópez764@ejemplo.com,+54 9 11 9436 7768,3,True,2025-06-25 20:53:07,487.0
765,María,Gómez,DNI,34172989,maría.gómez765@ejemplo.com,+54 9 11 4826 8938,2,True,2026-04-14 19:15:19,455.0
766,Santiago,Díaz,RUC,806886123,santiago.díaz766@ejemplo.com,+54 9 11 4196 3345,3,True,2025-05-15 14:49:38,301.0
767,Lucía,Fernández,DNI,30223142,lucía.fernández767@ejemplo.com,+54 9 11 8311 2895,2,True,2025-05-29 00:40:33,173.0
768,Juan,López,CUIT,20-24155900-7,juan.lópez768@ejemplo.com,+54 9 11 7283 5593,1,False,2026-04-24 12:36:03,335.0
769,Mateo,Rodríguez,CUIT,30-22138886-6,mateo.rodríguez769@ejemplo.com,+54 9 11 2059 6623,2,False,2026-01-13 23:46:03,616.0
770,Valentina,López,CUIT,27-25527644-5,valentina.lópez770@ejemplo.com,+54 9 11 4082 2902,3,False,2026-03-25 15:30:41,759.0
771,Lucía,Gómez,RUC,719459743,lucía.gómez771@ejemplo.com,+54 9 11 4110 7359,2,False,2026-05-08 09:32:25,549.0
772,Santiago,Pérez,CUIT,20-63057930-1,santiago.pérez772@ejemplo.com,+54 9 11 5863 4586,2,False,2025-08-06 04:15:53,836.0
773,Lucía,Martínez,CUIT,20-90380354-6,lucía.martínez773@ejemplo.com,+54 9 11 8836 4534,2,False,2025-12-01 01:51:55,281.0
774,Valentina,González,CE,CE3561918,valentina.gonzález774@ejemplo.com,+54 9 11 1861 3933,2,False,2026-01-20 18:36:11,231.0
775,Camila,Pérez,DNI,46771826,camila.pérez775@ejemplo.com,+54 9 11 6706 7412,2,True,2025-10-20 08:08:19,485.0
776,Camila,Martínez,CUIT,30-23062011-3,camila.martínez776@ejemplo.com,+54 9 11 5981 8496,3,True,2025-11-23 23:40:11,56.0
777,Lucía,Fernández,RUC,412546455,lucía.fernández777@ejemplo.com,+54 9 11 4205 1149,2,True,2026-02-23 12:22:11,767.0
778,Lucía,Díaz,RUC,829548792,lucía.díaz778@ejemplo.com,+54 9 11 8763 3943,1,True,2026-02-11 17:29:40,998.0
779,Santiago,Díaz,CUIT,30-42883478-1,santiago.díaz779@ejemplo.com,+54 9 11 3826 7150,3,True,2026-03-09 11:10:31,310.0
780,Mateo,Díaz,CE,CE8467845,mateo.díaz780@ejemplo.com,+54 9 11 2999 9015,3,True,2025-11-01 18:28:55,85.0
781,María,Fernández,CE,CE2586340,maría.fernández781@ejemplo.com,+54 9 11 8105 5888,3,True,2025-07-09 13:11:32,661.0
782,José,Gómez,DNI,46071757,josé.gómez782@ejemplo.com,+54 9 11 7451 9788,3,False,2026-02-03 05:43:18,21.0
783,José,Rodríguez,CUIT,20-34248334-3,josé.rodríguez783@ejemplo.com,+54 9 11 3015 1641,1,True,2026-05-06 01:07:11,322.0
784,Lucía,Rodríguez,CE,CE1587291,lucía.rodríguez784@ejemplo.com,+54 9 11 9919 3811,2,True,2026-03-26 15:03:43,373.0
785,Juan,Martínez,DNI,44859234,juan.martínez785@ejemplo.com,+54 9 11 9035 6127,3,False,2025-12-08 21:01:34,144.0
786,Juan,Rodríguez,DNI,25911535,juan.rodríguez786@ejemplo.com,+54 9 11 4526 3198,3,True,2026-04-20 12:26:43,877.0
787,Santiago,Martínez,CUIT,30-19980384-9,santiago.martínez787@ejemplo.com,+54 9 11 3675 7554,2,True,2025-12-29 10:11:21,926.0
788,Camila,Díaz,CUIT,23-19470140-5,camila.díaz788@ejemplo.com,+54 9 11 7097 9379,3,True,2025-06-17 19:54:50,732.0
789,Valentina,Pérez,CE,CE8275056,valentina.pérez789@ejemplo.com,+54 9 11 5425 3041,3,True,2025-10-26 17:57:47,80.0
790,Valentina,Rodríguez,CE,CE2492738,valentina.rodríguez790@ejemplo.com,+54 9 11 4698 5483,1,True,2025-11-04 07:46:45,150.0
791,Valentina,López,RUC,212745817,valentina.lópez791@ejemplo.com,+54 9 11 6022 9021,1,False,2026-03-06 13:02:16,897.0
792,Camila,Martínez,DNI,13218761,camila.martínez792@ejemplo.com,+54 9 11 6655 9711,3,False,2026-02-10 07:47:38,186.0
793,Mateo,Pérez,CE,CE1159341,mateo.pérez793@ejemplo.com,+54 9 11 3070 3337,2,False,2025-05-22 01:50:53,674.0
794,María,Gómez,CUIT,30-71443076-3,maría.gómez794@ejemplo.com,+54 9 11 5699 5519,2,True,2025-09-26 06:44:33,515.0
795,Camila,Rodríguez,CE,CE7820186,camila.rodríguez795@ejemplo.com,+54 9 11 4932 2534,1,True,2025-11-29 15:55:57,79.0
796,José,Martínez,RUC,967955890,josé.martínez796@ejemplo.com,+54 9 11 3235 8858,2,True,2026-05-03 04:52:30,955.0
797,Valentina,González,CUIT,20-67039703-9,valentina.gonzález797@ejemplo.com,+54 9 11 9652 1693,3,False,2025-11-13 10:48:20,974.0
798,Lucía,López,CUIT,20-59264742-3,lucía.lópez798@ejemplo.com,+54 9 11 7211 3793,2,True,2025-08-18 07:32:35,508.0
799,Santiago,López,DNI,29465915,santiago.lópez799@ejemplo.com,+54 9 11 1036 7449,1,False,2025-12-06 03:17:46,219.0
800,María,Fernández,RUC,161736645,maría.fernández800@ejemplo.com,+54 9 11 5888 6798,1,True,2025-11-07 17:56:33,337.0
801,Santiago,Pérez,RUC,480676189,santiago.pérez801@ejemplo.com,+54 9 11 2388 9668,3,True,2026-05-04 15:08:31,203.0
802,Valentina,Rodríguez,RUC,107420042,valentina.rodríguez802@ejemplo.com,+54 9 11 7477 7132,2,False,2026-02-17 21:19:48,482.0
803,Valentina,Pérez,CE,CE2823599,valentina.pérez803@ejemplo.com,+54 9 11 3291 6795,3,False,2025-09-25 20:42:34,166.0
804,María,Gómez,CUIT,20-35443261-5,maría.gómez804@ejemplo.com,+54 9 11 6426 1517,1,True,2026-04-18 14:10:36,762.0
805,Mateo,Martínez,DNI,38259228,mateo.martínez805@ejemplo.com,+54 9 11 3087 6322,2,False,2025-08-31 01:04:11,699.0
806,Lucía,Rodríguez,DNI,11419500,lucía.rodríguez806@ejemplo.com,+54 9 11 4874 1852,3,False,2026-03-05 14:13:30,14.0
807,Valentina,González,RUC,615603325,valentina.gonzález807@ejemplo.com,+54 9 11 8027 5059,3,True,2025-12-11 09:04:57,780.0
808,Lucía,López,CE,CE2929715,lucía.lópez808@ejemplo.com,+54 9 11 8031 4250,2,True,2025-12-24 20:20:20,841.0
809,Lucía,López,CUIT,23-26168027-3,lucía.lópez809@ejemplo.com,+54 9 11 3395 7984,1,True,2025-10-15 17:18:50,952.0
810,José,González,RUC,537332024,josé.gonzález810@ejemplo.com,+54 9 11 4633 6507,2,False,2025-08-13 08:51:22,237.0
811,María,Díaz,DNI,30420555,maría.díaz811@ejemplo.com,+54 9 11 6751 7849,1,False,2026-03-13 10:12:45,966.0
812,María,Pérez,DNI,10035965,maría.pérez812@ejemplo.com,+54 9 11 5674 8734,2,True,2026-04-11 20:48:42,218.0
813,Valentina,Pérez,CE,CE9242417,valentina.pérez813@ejemplo.com,+54 9 11 1223 3134,2,False,2025-11-03 08:16:55,100.0
814,Santiago,Gómez,CUIT,27-38190192-7,santiago.gómez814@ejemplo.com,+54 9 11 2971 1672,3,True,2026-03-25 15:27:22,761.0
815,Juan,Fernández,DNI,15025084,juan.fernández815@ejemplo.com,+54 9 11 8769 4309,3,True,2025-08-01 23:14:43,743.0
816,María,Pérez,CUIT,30-83886279-5,maría.pérez816@ejemplo.com,+54 9 11 2923 8145,1,False,2025-07-26 06:38:39,460.0
817,Valentina,González,CUIT,27-27305260-5,valentina.gonzález817@ejemplo.com,+54 9 11 4116 7512,2,True,2026-04-15 00:32:12,996.0
818,Lucía,Fernández,RUC,703978257,lucía.fernández818@ejemplo.com,+54 9 11 4015 1058,1,True,2025-10-21 05:57:45,212.0
819,María,Fernández,CE,CE6090377,maría.fernández819@ejemplo.com,+54 9 11 2951 3803,1,True,2026-01-16 08:50:45,566.0
820,Juan,Martínez,DNI,19941471,juan.martínez820@ejemplo.com,+54 9 11 1844 5079,1,True,2025-12-17 14:18:07,810.0
821,María,Gómez,CE,CE6445244,maría.gómez821@ejemplo.com,+54 9 11 3189 7690,3,False,2026-03-26 19:39:27,271.0
822,Santiago,González,DNI,33856070,santiago.gonzález822@ejemplo.com,+54 9 11 1256 9804,3,True,2026-01-15 19:18:51,263.0
823,Valentina,Martínez,CUIT,30-39613670-6,valentina.martínez823@ejemplo.com,+54 9 11 7479 3550,2,True,2025-12-22 11:58:22,828.0
824,Valentina,Gómez,CUIT,30-22575001-8,valentina.gómez824@ejemplo.com,+54 9 11 3885 4094,3,False,2026-02-05 04:24:10,884.0
825,Lucía,Martínez,DNI,30814500,lucía.martínez825@ejemplo.com,+54 9 11 4077 2137,1,True,2026-02-14 12:43:37,704.0
826,Valentina,López,RUC,792690988,valentina.lópez826@ejemplo.com,+54 9 11 1193 2633,2,False,2025-10-14 14:49:29,141.0
827,María,Rodríguez,DNI,12935344,maría.rodríguez827@ejemplo.com,+54 9 11 3336 1221,1,True,2026-03-02 10:46:57,275.0
828,Santiago,Rodríguez,CUIT,23-74481609-8,santiago.rodríguez828@ejemplo.com,+54 9 11 4994 1915,3,False,2026-02-14 09:14:32,159.0
829,José,González,DNI,16899818,josé.gonzález829@ejemplo.com,+54 9 11 7804 3323,1,True,2025-08-03 09:29:30,908.0
830,María,López,RUC,513801909,maría.lópez830@ejemplo.com,+54 9 11 7303 2841,2,True,2026-02-22 06:54:44,232.0
831,José,López,DNI,28912235,josé.lópez831@ejemplo.com,+54 9 11 6906 2389,1,True,2025-11-07 15:56:41,122.0
832,Lucía,Díaz,CE,CE4042807,lucía.díaz832@ejemplo.com,+54 9 11 5940 5702,2,True,2025-05-26 05:26:05,684.0
833,Camila,Fernández,CE,CE5452689,camila.fernández833@ejemplo.com,+54 9 11 3435 3401,2,True,2025-05-09 15:46:02,883.0
834,Valentina,Fernández,RUC,974723527,valentina.fernández834@ejemplo.com,+54 9 11 5562 3370,1,False,2026-04-04 14:59:35,983.0
835,Lucía,Pérez,RUC,478610768,lucía.pérez835@ejemplo.com,+54 9 11 7782 6463,1,True,2025-11-26 03:08:32,711.0
836,Valentina,Díaz,RUC,678475440,valentina.díaz836@ejemplo.com,+54 9 11 4770 7301,1,False,2025-08-08 03:01:28,842.0
837,Juan,Rodríguez,CUIT,27-10384682-4,juan.rodríguez837@ejemplo.com,+54 9 11 3188 2804,1,False,2026-04-30 07:00:32,981.0
838,Santiago,Pérez,CE,CE8724035,santiago.pérez838@ejemplo.com,+54 9 11 4973 4452,1,True,2026-02-24 00:36:04,432.0
839,Lucía,Rodríguez,CUIT,30-13536218-7,lucía.rodríguez839@ejemplo.com,+54 9 11 2208 8812,3,True,2025-10-30 16:51:56,679.0
840,María,Pérez,CE,CE3370243,maría.pérez840@ejemplo.com,+54 9 11 7823 3452,1,False,2026-03-29 11:32:02,583.0
841,Lucía,Martínez,RUC,541868896,lucía.martínez841@ejemplo.com,+54 9 11 1216 5698,1,True,2025-11-17 03:45:21,712.0
842,María,González,CUIT,23-11458621-7,maría.gonzález842@ejemplo.com,+54 9 11 5227 9222,2,True,2025-10-03 20:39:33,568.0
843,Valentina,Pérez,CE,CE2542438,valentina.pérez843@ejemplo.com,+54 9 11 7560 1917,1,False,2025-08-14 06:27:15,217.0
844,Lucía,Rodríguez,RUC,612621813,lucía.rodríguez844@ejemplo.com,+54 9 11 7233 3700,1,False,2025-11-28 21:54:37,848.0
845,Valentina,López,CE,CE2818665,valentina.lópez845@ejemplo.com,+54 9 11 6496 1459,1,False,2026-03-16 16:12:24,798.0
846,Lucía,Rodríguez,DNI,24221035,lucía.rodríguez846@ejemplo.com,+54 9 11 4075 4305,3,True,2025-07-07 17:47:04,317.0
847,Juan,Martínez,DNI,48260291,juan.martínez847@ejemplo.com,+54 9 11 1748 1787,2,True,2025-07-23 16:59:12,496.0
848,Camila,González,CE,CE5737922,camila.gonzález848@ejemplo.com,+54 9 11 7400 6830,1,True,2025-10-17 02:23:42,770.0
849,Santiago,Díaz,DNI,43700535,santiago.díaz849@ejemplo.com,+54 9 11 8814 1612,2,True,2026-02-21 17:58:12,392.0
850,Lucía,Fernández,DNI,16260643,lucía.fernández850@ejemplo.com,+54 9 11 3307 3638,3,False,2026-01-10 11:44:19,670.0
851,Mateo,Pérez,CE,CE5879512,mateo.pérez851@ejemplo.com,+54 9 11 7350 4917,1,True,2025-11-04 22:41:35,41.0
852,Lucía,Fernández,DNI,11002724,lucía.fernández852@ejemplo.com,+54 9 11 2428 9174,1,False,2026-02-24 09:00:07,993.0
853,Santiago,Pérez,CE,CE3709058,santiago.pérez853@ejemplo.com,+54 9 11 2461 2165,1,False,2026-04-04 09:59:39,362.0
854,Camila,Fernández,CE,CE8416290,camila.fernández854@ejemplo.com,+54 9 11 1648 6955,2,False,2025-06-10 14:28:26,500.0
855,Valentina,Pérez,RUC,493775775,valentina.pérez855@ejemplo.com,+54 9 11 7769 9289,2,False,2025-08-18 23:15:39,86.0
856,María,González,CUIT,20-30744991-2,maría.gonzález856@ejemplo.com,+54 9 11 2195 4654,2,False,2025-12-11 06:25:26,409.0
857,José,Gómez,RUC,603035907,josé.gómez857@ejemplo.com,+54 9 11 2787 2406,1,True,2025-06-14 00:38:10,477.0
858,Valentina,Díaz,CUIT,30-54120137-2,valentina.díaz858@ejemplo.com,+54 9 11 8802 2873,2,False,2025-11-27 07:57:31,218.0
859,María,Pérez,RUC,256244254,maría.pérez859@ejemplo.com,+54 9 11 7230 2022,2,False,2025-06-15 12:15:26,33.0
860,Mateo,López,DNI,24193047,mateo.lópez860@ejemplo.com,+54 9 11 3885 2369,1,True,2026-04-26 21:08:45,259.0
861,Camila,Díaz,DNI,30021043,camila.díaz861@ejemplo.com,+54 9 11 4507 5250,1,True,2025-05-09 03:40:36,538.0
862,José,Díaz,CE,CE5981239,josé.díaz862@ejemplo.com,+54 9 11 8790 9773,3,True,2026-02-13 12:13:36,494.0
863,Valentina,Gómez,RUC,983706382,valentina.gómez863@ejemplo.com,+54 9 11 4253 2274,3,True,2026-05-03 00:45:05,612.0
864,Santiago,Gómez,DNI,20100305,santiago.gómez864@ejemplo.com,+54 9 11 2861 7658,2,True,2025-09-16 14:04:07,325.0
865,Mateo,Pérez,RUC,786031253,mateo.pérez865@ejemplo.com,+54 9 11 4074 7884,3,True,2025-07-16 15:33:49,764.0
866,Valentina,López,CE,CE4519240,valentina.lópez866@ejemplo.com,+54 9 11 6960 1265,2,False,2026-01-30 21:00:02,380.0
867,José,Fernández,RUC,544586800,josé.fernández867@ejemplo.com,+54 9 11 7977 9571,2,True,2025-10-10 07:13:09,556.0
868,Lucía,Fernández,RUC,500636145,lucía.fernández868@ejemplo.com,+54 9 11 8141 7251,2,False,2026-02-07 00:57:52,556.0
869,Camila,Rodríguez,DNI,16966708,camila.rodríguez869@ejemplo.com,+54 9 11 7738 2698,2,True,2026-03-23 22:34:23,955.0
870,Mateo,González,CE,CE8057182,mateo.gonzález870@ejemplo.com,+54 9 11 7243 2875,1,False,2026-01-20 10:46:33,565.0
871,José,Gómez,RUC,543385303,josé.gómez871@ejemplo.com,+54 9 11 1124 7138,1,False,2025-06-11 19:45:15,406.0
872,Camila,Martínez,CE,CE7957788,camila.martínez872@ejemplo.com,+54 9 11 7792 1535,1,True,2025-05-29 11:35:05,931.0
873,Lucía,Gómez,CE,CE6621876,lucía.gómez873@ejemplo.com,+54 9 11 7412 4156,3,False,2026-02-10 00:08:47,570.0
874,María,Díaz,CUIT,30-33315937-7,maría.díaz874@ejemplo.com,+54 9 11 2631 3069,3,True,2025-11-27 02:25:35,237.0
875,Valentina,Martínez,CUIT,27-37348550-2,valentina.martínez875@ejemplo.com,+54 9 11 3507 1455,3,True,2026-03-22 18:09:02,644.0
876,Valentina,González,CUIT,30-95156202-6,valentina.gonzález876@ejemplo.com,+54 9 11 5864 4175,3,True,2026-02-02 10:54:05,228.0
877,Valentina,Martínez,DNI,28452577,valentina.martínez877@ejemplo.com,+54 9 11 2694 2817,2,True,2026-03-27 13:56:01,654.0
878,José,Pérez,CE,CE5395541,josé.pérez878@ejemplo.com,+54 9 11 6921 4407,2,True,2026-02-05 16:31:31,865.0
879,Mateo,González,RUC,179001593,mateo.gonzález879@ejemplo.com,+54 9 11 7879 7148,2,False,2025-08-31 22:31:49,704.0
880,Lucía,Pérez,CE,CE1170125,lucía.pérez880@ejemplo.com,+54 9 11 1515 2920,2,False,2026-02-05 20:59:22,622.0
881,Mateo,González,CUIT,27-26320018-4,mateo.gonzález881@ejemplo.com,+54 9 11 9384 3496,1,False,2025-07-02 18:02:01,531.0
882,José,López,DNI,31980819,josé.lópez882@ejemplo.com,+54 9 11 3073 5384,2,False,2026-02-27 11:30:16,709.0
883,Juan,Rodríguez,CE,CE5937884,juan.rodríguez883@ejemplo.com,+54 9 11 9399 7552,1,False,2025-09-10 18:44:31,447.0
884,Lucía,López,CE,CE7590525,lucía.lópez884@ejemplo.com,+54 9 11 6105 3714,1,False,2026-03-16 23:45:13,602.0
885,Valentina,Fernández,RUC,740304225,valentina.fernández885@ejemplo.com,+54 9 11 7275 8033,1,False,2025-12-20 07:56:56,622.0
886,Santiago,Rodríguez,RUC,279582303,santiago.rodríguez886@ejemplo.com,+54 9 11 5808 9691,2,False,2026-04-21 02:19:25,420.0
887,María,Rodríguez,CUIT,27-67631320-3,maría.rodríguez887@ejemplo.com,+54 9 11 7089 7094,1,False,2025-11-06 11:31:49,673.0
888,José,González,CE,CE1182888,josé.gonzález888@ejemplo.com,+54 9 11 6268 4811,3,True,2025-11-21 12:06:26,815.0
889,Valentina,Martínez,CUIT,23-23813714-9,valentina.martínez889@ejemplo.com,+54 9 11 2225 7909,3,False,2025-12-16 19:57:06,827.0
890,Santiago,Gómez,CUIT,23-16665217-8,santiago.gómez890@ejemplo.com,+54 9 11 3033 8418,1,False,2025-08-26 17:18:36,123.0
891,Valentina,López,DNI,29128503,valentina.lópez891@ejemplo.com,+54 9 11 1076 8565,2,True,2026-04-28 21:45:08,590.0
892,Valentina,González,DNI,32641850,valentina.gonzález892@ejemplo.com,+54 9 11 7800 5931,2,False,2025-06-12 18:31:32,98.0
893,Santiago,Díaz,DNI,47342740,santiago.díaz893@ejemplo.com,+54 9 11 5889 8447,2,True,2025-11-29 02:56:59,403.0
894,Santiago,Rodríguez,DNI,25033349,santiago.rodríguez894@ejemplo.com,+54 9 11 8138 4708,1,True,2026-04-14 18:27:56,331.0
895,Juan,Gómez,DNI,13522610,juan.gómez895@ejemplo.com,+54 9 11 5985 2229,2,False,2025-12-27 17:28:59,970.0
896,Valentina,Martínez,CUIT,23-88309763-8,valentina.martínez896@ejemplo.com,+54 9 11 7771 8320,3,True,2026-03-08 14:15:07,152.0
897,Juan,Fernández,RUC,401229255,juan.fernández897@ejemplo.com,+54 9 11 5322 5853,3,True,2025-11-24 19:05:48,95.0
898,Santiago,López,CUIT,20-20085710-8,santiago.lópez898@ejemplo.com,+54 9 11 8670 7308,1,False,2026-04-08 12:35:20,222.0
899,José,Gómez,CUIT,27-51852500-8,josé.gómez899@ejemplo.com,+54 9 11 3130 4584,2,False,2025-06-07 13:41:30,109.0
900,Mateo,López,RUC,301813509,mateo.lópez900@ejemplo.com,+54 9 11 6032 2672,1,False,2026-04-03 10:08:52,703.0
901,José,Rodríguez,CUIT,20-71853813-3,josé.rodríguez901@ejemplo.com,+54 9 11 8416 6766,2,True,2025-12-23 18:05:20,544.0
902,José,Gómez,RUC,327704161,josé.gómez902@ejemplo.com,+54 9 11 6467 1870,2,False,2026-02-20 06:03:35,521.0
903,Santiago,Rodríguez,DNI,35670652,santiago.rodríguez903@ejemplo.com,+54 9 11 3894 5520,3,False,2025-10-04 12:17:50,413.0
904,Valentina,Rodríguez,DNI,26706365,valentina.rodríguez904@ejemplo.com,+54 9 11 1584 5361,1,True,2026-03-13 11:28:59,917.0
905,José,Martínez,CUIT,30-62601013-7,josé.martínez905@ejemplo.com,+54 9 11 5395 9112,1,True,2026-03-18 10:49:10,901.0
906,Juan,Gómez,CE,CE5831479,juan.gómez906@ejemplo.com,+54 9 11 8811 6002,3,True,2026-05-07 15:24:30,930.0
907,Lucía,Gómez,DNI,21183387,lucía.gómez907@ejemplo.com,+54 9 11 1208 8775,2,False,2026-02-02 07:38:33,146.0
908,María,Pérez,CE,CE2291460,maría.pérez908@ejemplo.com,+54 9 11 6769 8763,3,True,2026-02-09 20:47:08,10.0
909,Mateo,López,RUC,217452325,mateo.lópez909@ejemplo.com,+54 9 11 4740 9606,3,True,2026-04-15 17:59:19,298.0
910,Lucía,Rodríguez,DNI,30441512,lucía.rodríguez910@ejemplo.com,+54 9 11 9940 5216,3,False,2025-11-18 04:04:15,360.0
911,Camila,Gómez,RUC,114561069,camila.gómez911@ejemplo.com,+54 9 11 9484 8935,1,False,2025-11-09 08:50:41,913.0
912,María,Pérez,RUC,336497651,maría.pérez912@ejemplo.com,+54 9 11 5003 8056,2,True,2025-06-05 14:13:31,32.0
913,José,López,RUC,785835146,josé.lópez913@ejemplo.com,+54 9 11 9927 8360,3,True,2026-03-14 09:39:22,696.0
914,Camila,Gómez,CE,CE7560331,camila.gómez914@ejemplo.com,+54 9 11 1673 9520,3,False,2025-07-11 05:18:43,196.0
915,José,Díaz,RUC,708449151,josé.díaz915@ejemplo.com,+54 9 11 3410 8640,3,True,2025-11-12 09:29:02,511.0
916,Camila,Pérez,CE,CE9167564,camila.pérez916@ejemplo.com,+54 9 11 8436 1670,1,False,2025-12-12 15:44:44,16.0
917,José,González,RUC,428373339,josé.gonzález917@ejemplo.com,+54 9 11 1010 1817,2,True,2026-05-06 05:13:20,855.0
918,Santiago,Martínez,CUIT,20-46328564-3,santiago.martínez918@ejemplo.com,+54 9 11 5764 4585,1,False,2026-01-28 04:58:04,83.0
919,Santiago,López,RUC,553723877,santiago.lópez919@ejemplo.com,+54 9 11 5948 6091,1,False,2025-10-16 14:38:46,943.0
920,Santiago,Pérez,CUIT,27-28212104-7,santiago.pérez920@ejemplo.com,+54 9 11 5871 8555,3,True,2025-07-29 12:16:43,88.0
921,Valentina,Díaz,DNI,19301951,valentina.díaz921@ejemplo.com,+54 9 11 6858 8673,2,False,2025-08-12 03:51:42,516.0
922,Mateo,Díaz,RUC,595299904,mateo.díaz922@ejemplo.com,+54 9 11 2448 3303,3,False,2026-04-24 01:34:13,432.0
923,Juan,Gómez,CUIT,27-17185483-7,juan.gómez923@ejemplo.com,+54 9 11 9487 8540,1,True,2026-03-05 05:54:02,474.0
924,María,Martínez,DNI,32379695,maría.martínez924@ejemplo.com,+54 9 11 8888 6428,1,True,2025-07-08 14:43:44,580.0
925,María,López,CUIT,30-28307667-4,maría.lópez925@ejemplo.com,+54 9 11 6093 1105,2,True,2025-05-27 21:41:53,309.0
926,José,Rodríguez,DNI,20269138,josé.rodríguez926@ejemplo.com,+54 9 11 4347 2697,2,True,2025-07-03 15:02:56,254.0
927,Mateo,Díaz,DNI,18174625,mateo.díaz927@ejemplo.com,+54 9 11 4849 9957,2,False,2025-12-06 06:05:51,840.0
928,José,Díaz,CUIT,20-34804490-3,josé.díaz928@ejemplo.com,+54 9 11 9956 4282,2,False,2025-06-06 11:25:30,760.0
929,Camila,Martínez,DNI,49511269,camila.martínez929@ejemplo.com,+54 9 11 7321 2758,2,False,2025-08-29 06:53:45,401.0
930,Valentina,Pérez,DNI,29020143,valentina.pérez930@ejemplo.com,+54 9 11 5960 1558,3,False,2025-09-16 14:59:38,12.0
931,María,Gómez,CUIT,30-71518719-5,maría.gómez931@ejemplo.com,+54 9 11 9244 4453,2,False,2026-05-04 13:13:30,877.0
932,José,Pérez,CUIT,27-98037888-6,josé.pérez932@ejemplo.com,+54 9 11 5560 5963,2,True,2025-09-14 19:41:12,144.0
933,Mateo,Díaz,RUC,750517675,mateo.díaz933@ejemplo.com,+54 9 11 9306 9608,2,True,2025-06-05 12:59:17,950.0
934,Santiago,Gómez,RUC,172552707,santiago.gómez934@ejemplo.com,+54 9 11 4796 2581,3,True,2026-04-15 17:41:16,163.0
935,Mateo,Fernández,CE,CE4884505,mateo.fernández935@ejemplo.com,+54 9 11 7292 7882,1,True,2026-01-07 14:38:06,179.0
936,Camila,Rodríguez,DNI,14891007,camila.rodríguez936@ejemplo.com,+54 9 11 1482 3851,2,True,2025-09-24 06:57:22,861.0
937,Mateo,Díaz,CUIT,23-36268818-5,mateo.díaz937@ejemplo.com,+54 9 11 4296 3655,2,True,2025-08-30 03:52:44,231.0
938,José,González,DNI,23659312,josé.gonzález938@ejemplo.com,+54 9 11 7685 9955,1,False,2026-04-21 13:39:02,369.0
939,Lucía,Fernández,CUIT,23-86553774-8,lucía.fernández939@ejemplo.com,+54 9 11 3258 2100,2,False,2025-08-25 07:13:23,922.0
940,Valentina,Rodríguez,DNI,18535736,valentina.rodríguez940@ejemplo.com,+54 9 11 4777 1843,3,False,2025-08-17 09:29:55,511.0
941,María,López,CE,CE5217487,maría.lópez941@ejemplo.com,+54 9 11 3586 5719,1,True,2025-10-20 20:13:58,894.0
942,Camila,Díaz,DNI,46637521,camila.díaz942@ejemplo.com,+54 9 11 5309 1491,1,False,2025-05-16 14:58:32,960.0
943,Valentina,Martínez,CUIT,27-17971455-3,valentina.martínez943@ejemplo.com,+54 9 11 2021 4860,2,True,2026-01-24 00:43:16,338.0
944,María,Gómez,DNI,37933405,maría.gómez944@ejemplo.com,+54 9 11 8844 3121,2,True,2025-07-05 18:56:03,83.0
945,José,González,RUC,645035932,josé.gonzález945@ejemplo.com,+54 9 11 5971 4731,1,True,2026-01-12 22:13:35,490.0
946,María,López,RUC,832228806,maría.lópez946@ejemplo.com,+54 9 11 1854 7342,2,True,2025-05-22 19:34:27,494.0
947,Valentina,Díaz,CUIT,20-68781037-2,valentina.díaz947@ejemplo.com,+54 9 11 8152 1949,1,True,2025-06-27 07:13:50,352.0
948,José,González,CUIT,30-81969904-1,josé.gonzález948@ejemplo.com,+54 9 11 2255 1928,1,False,2026-04-30 19:20:10,59.0
949,Lucía,Martínez,DNI,31080631,lucía.martínez949@ejemplo.com,+54 9 11 5790 3125,3,False,2025-11-09 22:54:06,251.0
950,Mateo,Rodríguez,DNI,15125632,mateo.rodríguez950@ejemplo.com,+54 9 11 6848 4609,2,False,2025-12-31 01:22:31,723.0
951,Santiago,Martínez,CUIT,27-52796523-9,santiago.martínez951@ejemplo.com,+54 9 11 7731 8966,2,True,2025-08-24 15:32:40,923.0
952,Juan,Pérez,CUIT,27-84217795-4,juan.pérez952@ejemplo.com,+54 9 11 3325 1587,1,False,2026-03-07 06:49:10,807.0
953,Mateo,Rodríguez,DNI,43481114,mateo.rodríguez953@ejemplo.com,+54 9 11 5921 2384,1,False,2026-04-21 10:18:25,394.0
954,Valentina,Fernández,DNI,35675058,valentina.fernández954@ejemplo.com,+54 9 11 7214 4021,3,False,2025-10-24 04:33:48,211.0
955,María,Martínez,DNI,46342749,maría.martínez955@ejemplo.com,+54 9 11 6508 5301,3,True,2025-11-11 17:37:24,773.0
956,María,Gómez,RUC,559077447,maría.gómez956@ejemplo.com,+54 9 11 5709 9761,2,False,2026-04-09 15:00:38,976.0
957,Camila,Pérez,RUC,601794417,camila.pérez957@ejemplo.com,+54 9 11 5495 2401,1,False,2026-01-07 13:38:02,288.0
958,Santiago,Díaz,DNI,28405940,santiago.díaz958@ejemplo.com,+54 9 11 1202 3036,2,False,2025-11-04 09:53:46,802.0
959,Camila,Pérez,RUC,596846400,camila.pérez959@ejemplo.com,+54 9 11 6877 8867,3,True,2026-04-30 04:35:33,38.0
960,Valentina,González,DNI,28551954,valentina.gonzález960@ejemplo.com,+54 9 11 3945 5227,2,False,2025-06-30 01:15:58,452.0
961,Mateo,Pérez,CUIT,23-29716823-1,mateo.pérez961@ejemplo.com,+54 9 11 9302 8214,3,False,2026-01-09 14:55:00,189.0
962,María,López,DNI,27384869,maría.lópez962@ejemplo.com,+54 9 11 6789 9854,3,True,2025-12-28 17:52:08,879.0
963,Juan,Gómez,DNI,15199537,juan.gómez963@ejemplo.com,+54 9 11 4882 4343,2,False,2025-08-22 04:28:30,80.0
964,Valentina,Rodríguez,RUC,403959566,valentina.rodríguez964@ejemplo.com,+54 9 11 6902 6488,2,False,2026-02-24 18:15:24,808.0
965,Mateo,Martínez,DNI,20758411,mateo.martínez965@ejemplo.com,+54 9 11 1418 2740,3,True,2025-11-01 17:17:03,154.0
966,Santiago,Gómez,CUIT,30-88206824-1,santiago.gómez966@ejemplo.com,+54 9 11 2285 2266,1,False,2025-06-05 19:26:38,781.0
967,José,González,RUC,807808200,josé.gonzález967@ejemplo.com,+54 9 11 4195 5801,1,False,2025-08-13 02:07:42,276.0
968,Juan,Gómez,CUIT,30-52253938-2,juan.gómez968@ejemplo.com,+54 9 11 7716 6929,1,False,2025-05-19 11:07:16,981.0
969,José,Gómez,RUC,749848507,josé.gómez969@ejemplo.com,+54 9 11 3052 9808,1,False,2026-01-11 03:45:36,236.0
970,Lucía,Martínez,CE,CE6730623,lucía.martínez970@ejemplo.com,+54 9 11 9274 3431,3,False,2025-11-29 15:30:36,432.0
971,Juan,Pérez,RUC,116656158,juan.pérez971@ejemplo.com,+54 9 11 8698 2654,1,True,2026-02-12 15:09:46,784.0
972,Valentina,González,CUIT,20-27767441-9,valentina.gonzález972@ejemplo.com,+54 9 11 3088 7591,3,True,2025-08-10 05:38:35,363.0
973,Camila,Rodríguez,CE,CE6647890,camila.rodríguez973@ejemplo.com,+54 9 11 1741 2208,3,False,2025-07-09 22:56:56,740.0
974,Mateo,Díaz,RUC,895317860,mateo.díaz974@ejemplo.com,+54 9 11 3205 4005,3,True,2025-09-27 08:47:32,717.0
975,Lucía,González,CE,CE8608923,lucía.gonzález975@ejemplo.com,+54 9 11 5576 2587,1,False,2025-10-26 08:07:51,521.0
976,Mateo,Gómez,DNI,47858213,mateo.gómez976@ejemplo.com,+54 9 11 7990 5673,2,False,2025-08-16 01:58:30,865.0
977,Santiago,Pérez,CUIT,20-38277083-7,santiago.pérez977@ejemplo.com,+54 9 11 6150 2629,2,False,2025-08-16 09:59:06,631.0
978,Lucía,Rodríguez,CE,CE5594415,lucía.rodríguez978@ejemplo.com,+54 9 11 5726 5250,3,True,2025-09-01 04:21:06,174.0
979,Juan,Martínez,CUIT,20-37762012-9,juan.martínez979@ejemplo.com,+54 9 11 1651 9844,3,True,2025-08-21 13:34:24,925.0
980,María,Fernández,DNI,34799447,maría.fernández980@ejemplo.com,+54 9 11 8288 9534,1,False,2026-01-24 08:59:35,750.0
981,Camila,Rodríguez,DNI,39823518,camila.rodríguez981@ejemplo.com,+54 9 11 3241 5562,3,True,2025-09-29 03:19:57,886.0
982,Santiago,Rodríguez,CUIT,20-53904728-3,santiago.rodríguez982@ejemplo.com,+54 9 11 9402 2213,3,False,2025-08-22 08:18:33,646.0
983,María,Díaz,DNI,44983636,maría.díaz983@ejemplo.com,+54 9 11 1583 1130,1,True,2025-11-27 11:42:27,677.0
984,Valentina,López,CUIT,27-73097822-3,valentina.lópez984@ejemplo.com,+54 9 11 3159 4253,3,True,2025-09-02 12:49:31,290.0
985,Juan,González,RUC,172221238,juan.gonzález985@ejemplo.com,+54 9 11 3918 1635,2,False,2025-08-30 00:56:49,728.0
986,Valentina,López,CE,CE9124082,valentina.lópez986@ejemplo.com,+54 9 11 4799 5786,3,False,2025-08-09 21:24:06,308.0
987,Mateo,Díaz,CE,CE9069153,mateo.díaz987@ejemplo.com,+54 9 11 5706 7874,2,False,2025-12-08 15:21:55,903.0
988,Juan,Díaz,DNI,21824208,juan.díaz988@ejemplo.com,+54 9 11 7522 3098,2,False,2025-09-13 07:53:55,356.0
989,Valentina,López,DNI,29523997,valentina.lópez989@ejemplo.com,+54 9 11 7701 1996,3,False,2025-12-22 02:22:06,872.0
990,Camila,Gómez,RUC,520239344,camila.gómez990@ejemplo.com,+54 9 11 1895 5396,2,True,2025-09-24 05:10:46,935.0
991,Santiago,González,CE,CE8510091,santiago.gonzález991@ejemplo.com,+54 9 11 9782 4378,3,True,2025-10-11 10:59:06,171.0
992,Santiago,Pérez,DNI,11417184,santiago.pérez992@ejemplo.com,+54 9 11 6778 2039,3,True,2025-10-26 15:46:17,342.0
993,Juan,Gómez,CUIT,23-81900277-7,juan.gómez993@ejemplo.com,+54 9 11 7125 6431,2,True,2026-01-11 08:44:52,933.0
994,Juan,González,DNI,11344081,juan.gonzález994@ejemplo.com,+54 9 11 8944 1692,1,False,2025-08-12 15:03:37,811.0
995,Camila,González,CUIT,23-14533608-5,camila.gonzález995@ejemplo.com,+54 9 11 5423 2391,1,True,2026-03-06 05:54:37,135.0
996,Valentina,González,DNI,46352734,valentina.gonzález996@ejemplo.com,+54 9 11 7408 4183,3,False,2025-07-03 14:29:15,603.0
997,Santiago,Díaz,DNI,30277210,santiago.díaz997@ejemplo.com,+54 9 11 8723 7169,2,False,2025-12-19 04:23:56,271.0
998,José,López,RUC,702365149,josé.lópez998@ejemplo.com,+54 9 11 9736 9300,1,False,2025-12-17 03:17:04,720.0
999,María,Fernández,RUC,500224021,maría.fernández999@ejemplo.com,+54 9 11 1407 7510,1,False,2025-08-01 20:29:34,230.0
1000,Santiago,Fernández,DNI,30844672,santiago.fernández1000@ejemplo.com,+54 9 11 2562 3773,1,False,2025-11-19 13:44:22,86.0
